FA년도,구단명,선수명,세부 포지션,투,구분,FA등급,플레이년도,나이,게임수,선발등판,구원등판,승리,패전,세이브,블론세이브,홀드,블론홀드,이닝수,자책점,피안타,2루타허용,3루타허용,피홈런,볼넷허용,사구허용,탈삼진,폭투,ERA,FIP,선발 이닝,구원 이닝,선발 WAR,구원 WAR,종합 WAR,연봉,비고1,잔류 여부,FA 계약 연수,FA 계약 총액
2011,롯데,강영식,RP,좌투,자격유지,A,2010,29.0,63.0,0.0,63.0,3.0,3.0,2.0,3.0,7.0,0.0,52.2,26.0,50.0,6.0,4.0,6.0,24.0,1.0,58.0,5.0,4.44,3.4,0.0,52.2,0.0,1.09,1.09,12000.0,고졸,잔류,0.0,0.0
2012,롯데,강영식,RP,좌투,자격유지,A,2011,30.0,64.0,0.0,64.0,2.0,1.0,1.0,1.0,16.0,0.0,41.0,16.0,35.0,4.0,0.0,5.0,22.0,2.0,39.0,5.0,3.51,4.44,0.0,41.0,0.0,1.26,1.26,30000.0,고졸,잔류,0.0,0.0
2013,롯데,강영식,RP,좌투,자격유지,A,2012,31.0,55.0,0.0,55.0,2.0,0.0,0.0,0.0,10.0,0.0,41.2,18.0,41.0,8.0,1.0,2.0,19.0,0.0,49.0,2.0,3.89,2.38,0.0,41.2,0.0,0.66,0.66,30000.0,고졸,잔류,0.0,0.0
2014,롯데,강영식,RP,좌투,자격유지,A,2013,32.0,55.0,0.0,55.0,1.0,3.0,1.0,2.0,9.0,0.0,39.2,17.0,32.0,7.0,0.0,1.0,19.0,2.0,40.0,4.0,3.86,3.22,0.0,39.2,0.0,0.49,0.49,30000.0,고졸,잔류,4.0,17.0
2015,롯데,강영식,RP,좌투,FA 1년차,A,2014,33.0,52.0,0.0,52.0,2.0,5.0,0.0,4.0,14.0,0.0,47.0,25.0,46.0,8.0,1.0,4.0,24.0,2.0,42.0,4.0,4.79,4.75,0.0,47.0,0.0,1.18,1.18,30000.0,고졸,잔류,0.0,0.0
2020,NC,강윤구,RP,좌투,신규,C,2019,29.0,67.0,0.0,67.0,3.0,3.0,0.0,1.0,15.0,0.0,56.1,28.0,55.0,4.0,4.0,4.0,24.0,4.0,49.0,2.0,4.47,4.02,0.0,56.1,0.0,1.12,1.12,8500.0,고졸,잔류,0.0,0.0
2021,NC,강윤구,RP,좌투,신규,C,2020,30.0,30.0,0.0,30.0,1.0,1.0,0.0,0.0,3.0,1.0,21.0,16.0,31.0,7.0,0.0,3.0,11.0,0.0,15.0,2.0,6.86,5.53,0.0,21.0,0.0,0.06,0.06,15500.0,고졸,잔류,0.0,0.0
2022,롯데,강윤구,RP,좌투,신규,C,2021,31.0,22.0,1.0,21.0,0.0,1.0,0.0,1.0,3.0,0.0,16.0,15.0,21.0,4.0,0.0,3.0,14.0,1.0,15.0,0.0,8.44,6.37,2.0,14.0,-0.14,-0.18,-0.32,10000.0,고졸,잔류,0.0,0.0
2023,롯데,강윤구,RP,좌투,신규,C,2022,32.0,29.0,0.0,29.0,0.0,0.0,0.0,0.0,0.0,1.0,21.1,13.0,25.0,6.0,1.0,0.0,6.0,1.0,27.0,0.0,5.48,1.64,0.0,21.1,0.0,-0.01,-0.01,7300.0,고졸,은퇴,0.0,0.0
2017,KIA,고효준,RP,좌투,신규,A,2016,33.0,24.0,6.0,18.0,0.0,2.0,0.0,0.0,2.0,0.0,45.3,31.0,54.0,12.0,1.0,6.0,29.0,2.0,52.0,3.0,6.07,4.99,26.1,19.2,-0.39,-0.17,-0.56,8000.0,고졸,잔류,0.0,0.0
2018,KIA,고효준,RP,좌투,신규,A,2017,34.0,40.0,1.0,39.0,3.0,1.0,0.0,0.0,4.0,1.0,40.0,19.0,44.0,7.0,1.0,1.0,22.0,5.0,35.0,2.0,4.27,4.41,4.2,35.1,0.08,1.0,1.08,8000.0,고졸,잔류,0.0,0.0
2019,롯데,고효준,RP,좌투,신규,A,2018,35.0,43.0,0.0,43.0,2.0,3.0,0.0,0.0,7.0,0.0,32.1,25.0,33.0,8.0,1.0,3.0,23.0,0.0,39.0,5.0,6.96,4.64,0.0,32.1,0.0,0.05,0.05,10000.0,고졸,잔류,0.0,0.0
2020,롯데,고효준,RP,좌투,신규,A,2019,36.0,75.0,0.0,75.0,2.0,7.0,0.0,4.0,15.0,0.0,62.1,33.0,58.0,13.0,1.0,6.0,36.0,3.0,72.0,11.0,4.76,3.81,0.0,62.1,0.0,0.44,0.44,9000.0,고졸,잔류,1.0,1.2
2021,롯데,고효준,RP,좌투,FA 1년차,A,2020,37.0,24.0,0.0,24.0,1.0,0.0,0.0,0.0,0.0,0.0,15.2,10.0,14.0,3.0,0.0,3.0,11.0,3.0,11.0,1.0,5.74,7.29,0.0,15.2,0.0,0.01,0.01,10000.0,고졸,잔류,0.0,0.0
2015,삼성,권오준,RP,우사,신규,A,2014,34.0,1.0,0.0,1.0,0.0,0.0,0.0,0.0,0.0,0.0,1.0,2.0,3.0,2.0,0.0,0.0,0.0,0.0,0.0,0.0,18.0,4.25,0.0,1.0,0.0,-0.12,-0.12,12000.0,고졸,잔류,0.0,0.0
2016,삼성,권오준,RP,우사,신규,A,2015,35.0,30.0,0.0,30.0,0.0,0.0,0.0,0.0,0.0,1.0,28.0,25.0,33.0,9.0,0.0,5.0,9.0,5.0,24.0,2.0,8.04,5.51,0.0,28.0,0.0,-0.28,-0.28,7000.0,고졸,잔류,0.0,0.0
2017,삼성,권오준,RP,우사,신규,A,2016,36.0,41.0,0.0,41.0,1.0,3.0,0.0,1.0,7.0,0.0,46.1,20.0,48.0,5.0,2.0,9.0,11.0,3.0,35.0,1.0,3.88,5.6,0.0,46.1,0.0,1.26,1.26,7000.0,고졸,잔류,0.0,0.0
2018,삼성,권오준,RP,우사,신규,A,2017,37.0,45.0,0.0,45.0,1.0,2.0,0.0,1.0,1.0,2.0,56.0,32.0,57.0,12.0,0.0,11.0,14.0,4.0,55.0,2.0,5.14,5.09,0.0,56.0,0.0,0.66,0.66,10500.0,고졸,잔류,2.0,6.0
2019,삼성,권오준,RP,우사,FA 1년차,A,2018,38.0,47.0,0.0,47.0,3.0,1.0,1.0,0.0,2.0,2.0,43.1,19.0,43.0,7.0,0.0,7.0,12.0,3.0,52.0,2.0,3.95,4.34,0.0,43.1,0.0,0.81,0.81,15000.0,고졸,잔류,0.0,0.0
2012,삼성,권혁,RP,좌투,신규,A,2011,28.0,58.0,0.0,58.0,1.0,3.0,0.0,1.0,19.0,0.0,48.1,15.0,38.0,6.0,0.0,2.0,22.0,2.0,27.0,2.0,2.79,4.2,0.0,48.1,0.0,1.27,1.27,19000.0,고졸,잔류,0.0,0.0
2013,삼성,권혁,RP,좌투,신규,A,2012,29.0,64.0,0.0,64.0,2.0,3.0,1.0,0.0,18.0,0.0,49.1,17.0,48.0,9.0,3.0,2.0,20.0,1.0,38.0,2.0,3.1,3.24,0.0,49.1,0.0,1.2,1.2,22000.0,고졸,잔류,0.0,0.0
2014,삼성,권혁,RP,좌투,신규,A,2013,30.0,52.0,0.0,52.0,0.0,1.0,0.0,0.0,3.0,0.0,36.1,16.0,35.0,5.0,1.0,5.0,16.0,1.0,41.0,1.0,3.96,4.07,0.0,36.1,0.0,0.43,0.43,26000.0,고졸,잔류,0.0,0.0
2015,삼성,권혁,RP,좌투,신규,A,2014,31.0,38.0,0.0,38.0,3.0,2.0,0.0,1.0,1.0,0.0,34.2,11.0,27.0,7.0,0.0,4.0,11.0,0.0,38.0,1.0,2.86,3.87,0.0,34.2,0.0,1.01,1.01,26000.0,고졸,이적,4.0,32.0
2016,한화,권혁,CP,좌투,FA 1년차,A,2015,32.0,78.0,0.0,78.0,9.0,13.0,17.0,8.0,6.0,0.0,112.0,62.0,124.0,21.0,1.0,15.0,53.0,5.0,88.0,5.0,4.98,5.19,0.0,112.0,0.0,1.15,1.15,45000.0,고졸,잔류,0.0,0.0
2016,키움,금민철,SP,좌투,신규,A,2015,29.0,7.0,5.0,2.0,1.0,1.0,0.0,0.0,0.0,0.0,22.0,11.0,25.0,4.0,0.0,2.0,14.0,2.0,11.0,0.0,4.5,6.18,19.1,2.2,0.69,0.08,0.76,8800.0,고졸,잔류,0.0,0.0
2017,키움,금민철,RP,좌투,신규,A,2016,30.0,14.0,2.0,12.0,1.0,1.0,0.0,0.0,0.0,0.0,26.1,15.0,36.0,4.0,1.0,2.0,9.0,1.0,16.0,2.0,5.13,4.8,5.1,21.0,-0.23,0.36,0.13,7900.0,고졸,잔류,0.0,0.0
2018,키움,금민철,RP,좌투,신규,A,2017,31.0,36.0,7.0,29.0,4.0,4.0,0.0,0.0,3.0,0.0,54.0,38.0,81.0,14.0,1.0,3.0,33.0,3.0,42.0,2.0,6.33,4.99,24.0,30.0,0.1,0.34,0.44,7300.0,고졸,잔류,0.0,0.0
2019,KT,금민철,SP,좌투,신규,A,2018,32.0,29.0,29.0,0.0,8.0,12.0,0.0,0.0,0.0,0.0,156.1,94.0,212.0,30.0,1.0,19.0,68.0,7.0,79.0,10.0,5.41,6.0,156.1,0.0,2.5,0.0,2.5,8000.0,고졸,잔류,2.0,7.0
2020,KT,금민철,SP,좌투,FA 1년차,A,2019,33.0,14.0,14.0,0.0,1.0,4.0,0.0,0.0,0.0,0.0,57.0,32.0,66.0,7.0,1.0,5.0,25.0,7.0,26.0,4.0,5.05,5.45,57.0,0.0,0.4,0.0,0.4,15000.0,고졸,잔류,0.0,0.0
2014,SSG,김광현,SP,좌투,신규,A,2013,25.0,25.0,22.0,3.0,10.0,9.0,0.0,1.0,0.0,0.0,133.0,66.0,128.0,31.0,3.0,12.0,68.0,4.0,102.0,9.0,4.47,4.63,127.2,5.1,1.76,0.03,1.79,24000.0,고졸,잔류,0.0,0.0
2015,SSG,김광현,SP,좌투,신규,A,2014,26.0,28.0,28.0,0.0,13.0,9.0,0.0,0.0,0.0,0.0,173.2,66.0,178.0,36.0,4.0,10.0,81.0,3.0,145.0,9.0,3.42,4.35,173.2,0.0,6.55,0.0,6.55,27000.0,고졸,잔류,0.0,0.0
2016,SSG,김광현,SP,좌투,신규,A,2015,27.0,30.0,29.0,1.0,14.0,6.0,0.0,0.0,1.0,0.0,176.2,73.0,173.0,33.0,0.0,19.0,66.0,3.0,160.0,10.0,3.72,4.32,176.1,0.1,5.14,0.03,5.18,60000.0,고졸,잔류,0.0,0.0
2017,SSG,김광현,SP,좌투,신규,A,2016,28.0,27.0,21.0,6.0,11.0,8.0,0.0,0.0,1.0,1.0,137.0,59.0,139.0,21.0,2.0,17.0,41.0,6.0,116.0,3.0,3.88,4.64,126.2,10.1,3.9,0.22,4.12,85000.0,고졸,미국,4.0,85.0
2021,삼성,김대우,RP,우언,자격유지,C,2020,32.0,28.0,9.0,19.0,3.0,7.0,0.0,0.0,1.0,1.0,77.2,44.0,95.0,17.0,1.0,9.0,26.0,6.0,37.0,1.0,5.1,5.46,41.0,36.2,0.71,0.55,1.26,11500.0,신규 35세 23년 C등급,잔류,0.0,0.0
2022,삼성,김대우,RP,우언,자격유지,C,2021,33.0,31.0,4.0,27.0,0.0,2.0,0.0,0.0,1.0,0.0,51.0,36.0,68.0,18.0,0.0,7.0,15.0,2.0,27.0,1.0,6.35,5.05,15.0,36.0,-0.23,0.36,0.13,15500.0,신규 35세 23년 C등급,잔류,0.0,0.0
2023,삼성,김대우,RP,우언,자격유지,C,2022,34.0,4.0,0.0,4.0,1.0,0.0,0.0,0.0,0.0,1.0,4.1,1.0,4.0,0.0,0.0,0.0,0.0,0.0,5.0,0.0,2.08,0.9,0.0,4.1,0.0,0.16,0.16,12000.0,신규 35세 23년 C등급,잔류,0.0,0.0
2024,삼성,김대우,RP,우언,자격유지,C,2023,35.0,44.0,5.0,39.0,0.0,2.0,0.0,0.0,4.0,3.0,64.0,32.0,66.0,9.0,1.0,7.0,22.0,3.0,49.0,1.0,4.5,4.4,21.0,43.0,0.2,0.2,0.39,7000.0,신규 35세 23년 C등급,잔류,2.0,4.0
2025,삼성,김대우,RP,우언,FA 1년차,C,2024,36.0,32.0,1.0,31.0,0.0,0.0,0.0,0.0,5.0,0.0,34.1,21.0,42.0,9.0,0.0,4.0,9.0,3.0,23.0,1.0,5.5,4.81,2.1,32.0,-0.03,0.34,0.31,10000.0,신규 35세 23년 C등급,잔류,0.0,0.0
2012,롯데,김사율,CP,우투,신규,A,2011,31.0,61.0,0.0,61.0,5.0,3.0,20.0,0.0,2.0,0.0,66.1,24.0,60.0,12.0,3.0,4.0,22.0,2.0,54.0,7.0,3.26,3.29,0.0,66.1,0.0,1.92,1.92,6000.0,고졸,잔류,0.0,0.0
2013,롯데,김사율,CP,우투,신규,A,2012,32.0,50.0,0.0,50.0,2.0,3.0,34.0,0.0,1.0,0.0,45.1,15.0,45.0,6.0,1.0,4.0,11.0,2.0,43.0,6.0,2.98,3.05,0.0,45.1,0.0,1.22,1.22,13000.0,고졸,잔류,0.0,0.0
2014,롯데,김사율,CP,우투,신규,A,2013,33.0,35.0,8.0,27.0,3.0,7.0,1.0,3.0,3.0,0.0,74.1,33.0,74.0,13.0,1.0,11.0,34.0,2.0,47.0,6.0,4.0,5.44,38.2,35.2,0.76,0.71,1.47,19000.0,고졸,잔류,0.0,0.0
2015,롯데,김사율,RP,우투,신규,A,2014,34.0,33.0,7.0,26.0,2.0,5.0,0.0,0.0,2.0,1.0,79.1,51.0,95.0,17.0,2.0,13.0,30.0,3.0,71.0,8.0,5.79,5.22,35.0,44.1,0.51,0.35,0.86,15000.0,고졸,이적,4.0,14.5
2016,KT,김사율,RP,우투,FA 1년차,A,2015,35.0,21.0,0.0,21.0,0.0,0.0,0.0,0.0,0.0,0.0,25.2,23.0,40.0,13.0,2.0,4.0,11.0,2.0,24.0,3.0,8.06,5.06,0.0,25.2,0.0,-0.63,-0.63,20000.0,고졸,잔류,0.0,0.0
2018,키움,김상수,CP,우투,신규,A,2017,29.0,60.0,0.0,60.0,0.0,7.0,15.0,6.0,9.0,3.0,61.1,26.0,59.0,9.0,0.0,8.0,22.0,3.0,62.0,5.0,3.82,4.39,0.0,61.1,0.0,1.6,1.6,12000.0,고졸,잔류,0.0,0.0
2019,키움,김상수,CP,우투,신규,A,2018,30.0,58.0,0.0,58.0,2.0,3.0,18.0,7.0,14.0,0.0,55.2,32.0,53.0,10.0,0.0,9.0,23.0,1.0,68.0,6.0,5.17,4.55,0.0,55.2,0.0,0.58,0.58,16500.0,고졸,잔류,0.0,0.0
2020,키움,김상수,RP,우투,신규,A,2019,31.0,67.0,0.0,67.0,3.0,5.0,0.0,1.0,40.0,0.0,56.2,19.0,50.0,6.0,0.0,3.0,28.0,2.0,60.0,0.0,3.02,3.38,0.0,56.2,0.0,1.69,1.69,20000.0,고졸,잔류,0.0,0.0
2021,키움,김상수,RP,우투,신규,A,2020,32.0,60.0,0.0,60.0,3.0,3.0,5.0,3.0,11.0,0.0,51.1,27.0,52.0,12.0,0.0,3.0,21.0,3.0,48.0,1.0,4.73,3.74,0.0,51.1,0.0,0.48,0.48,30000.0,고졸,이적,3.0,15.5
2022,SSG,김상수,CP,우투,FA 1년차,A,2021,33.0,50.0,0.0,50.0,4.0,3.0,6.0,3.0,5.0,0.0,58.1,33.0,71.0,8.0,0.0,10.0,30.0,1.0,44.0,2.0,5.09,5.46,0.0,58.1,0.0,0.83,0.83,30000.0,고졸,잔류,0.0,0.0
2015,롯데,김승회,CP,우투,자격유지,A,2014,33.0,54.0,0.0,54.0,1.0,2.0,20.0,3.0,4.0,0.0,56.0,19.0,47.0,12.0,2.0,4.0,18.0,3.0,40.0,1.0,3.05,4.48,0.0,56.0,0.0,2.35,2.35,12000.0,고졸,잔류,0.0,0.0
2016,롯데,김승회,RP,우투,자격유지,A,2015,34.0,39.0,7.0,32.0,7.0,3.0,2.0,1.0,2.0,1.0,75.0,52.0,96.0,17.0,1.0,13.0,28.0,4.0,50.0,2.0,6.24,5.73,33.2,41.1,0.81,-0.04,0.77,19000.0,고졸,잔류,0.0,0.0
2017,SSG,김승회,RP,우투,자격유지,A,2016,35.0,23.0,0.0,23.0,1.0,1.0,0.0,1.0,4.0,0.0,24.1,16.0,29.0,4.0,1.0,4.0,9.0,0.0,19.0,2.0,5.92,5.26,0.0,24.1,0.0,-0.04,-0.04,22000.0,고졸,잔류,0.0,0.0
2018,두산,김승회,RP,우투,자격유지,A,2017,36.0,69.0,0.0,69.0,7.0,4.0,0.0,0.0,11.0,2.0,69.0,38.0,86.0,17.0,3.0,6.0,17.0,6.0,41.0,3.0,4.96,4.7,0.0,69.0,0.0,0.9,0.9,10000.0,고졸,잔류,2.0,3.0
2019,두산,김승회,RP,우투,FA 1년차,A,2018,37.0,55.0,0.0,55.0,3.0,4.0,3.0,2.0,11.0,0.0,54.2,21.0,54.0,11.0,0.0,6.0,23.0,5.0,34.0,3.0,3.46,5.69,0.0,54.2,0.0,1.17,1.17,10000.0,고졸,잔류,0.0,0.0
2021,KT,김재윤,CP,우투,신규,B,2020,30.0,56.0,0.0,56.0,5.0,3.0,21.0,7.0,1.0,0.0,60.2,22.0,62.0,4.0,2.0,7.0,15.0,0.0,58.0,0.0,3.26,3.64,0.0,60.2,0.0,2.11,2.11,12000.0,고졸,잔류,0.0,0.0
2022,KT,김재윤,CP,우투,신규,B,2021,31.0,65.0,0.0,65.0,4.0,3.0,32.0,5.0,0.0,0.0,67.0,18.0,57.0,8.0,0.0,5.0,24.0,0.0,64.0,2.0,2.42,3.24,0.0,67.0,0.0,2.69,2.69,17000.0,고졸,잔류,0.0,0.0
2023,KT,김재윤,CP,우투,신규,B,2022,32.0,61.0,0.0,61.0,9.0,7.0,33.0,6.0,0.0,0.0,66.1,24.0,46.0,6.0,0.0,5.0,21.0,0.0,78.0,2.0,3.26,2.54,0.0,66.1,0.0,2.26,2.26,28000.0,고졸,잔류,0.0,0.0
2024,KT,김재윤,CP,우투,신규,B,2023,33.0,59.0,0.0,59.0,5.0,5.0,32.0,4.0,0.0,0.0,65.2,19.0,54.0,5.0,2.0,2.0,13.0,1.0,60.0,3.0,2.6,2.4,0.0,65.2,0.0,2.8,2.8,36000.0,고졸,이적,4.0,58.0
2025,삼성,김재윤,RP,우투,FA 1년차,B,2024,34.0,65.0,0.0,65.0,4.0,8.0,11.0,5.0,25.0,0.0,66.0,30.0,58.0,9.0,1.0,13.0,25.0,1.0,51.0,2.0,4.09,5.69,0.0,66.0,0.0,1.42,1.42,40000.0,고졸,잔류,0.0,0.0
2020,NC,김진성,RP,우투,신규,C,2019,34.0,42.0,0.0,42.0,1.0,2.0,0.0,2.0,5.0,0.0,42.0,20.0,39.0,10.0,1.0,6.0,15.0,2.0,35.0,6.0,4.29,4.61,0.0,42.0,0.0,0.16,0.16,23000.0,35세 이상,잔류,0.0,0.0
2021,NC,김진성,RP,우투,신규,C,2020,35.0,48.0,0.0,48.0,3.0,0.0,0.0,1.0,6.0,0.0,47.1,14.0,41.0,8.0,2.0,4.0,10.0,0.0,56.0,2.0,2.66,2.7,0.0,47.1,0.0,1.38,1.38,16000.0,35세 이상,잔류,0.0,0.0
2022,NC,김진성,RP,우투,신규,C,2021,36.0,42.0,0.0,42.0,2.0,4.0,1.0,2.0,9.0,4.0,37.2,30.0,43.0,10.0,0.0,7.0,18.0,1.0,37.0,2.0,7.17,5.0,0.0,37.2,0.0,-0.97,-0.97,20000.0,35세 이상,잔류,0.0,0.0
2023,LG,김진성,RP,우투,신규,C,2022,37.0,67.0,0.0,67.0,6.0,3.0,0.0,2.0,12.0,0.0,58.0,20.0,44.0,6.0,1.0,6.0,22.0,1.0,54.0,2.0,3.1,3.76,0.0,58.0,0.0,1.49,1.49,10000.0,35세 이상,잔류,2.0,7.0
2024,LG,김진성,RP,우투,FA 1년차,C,2023,38.0,80.0,0.0,80.0,5.0,1.0,4.0,2.0,21.0,2.0,70.1,17.0,41.0,5.0,1.0,8.0,26.0,0.0,69.0,0.0,2.18,3.9,0.0,70.1,0.0,2.41,2.41,20000.0,35세 이상,잔류,0.0,0.0
2016,두산,노경은,CP,우투,신규,A,2015,31.0,47.0,0.0,47.0,1.0,4.0,4.0,3.0,0.0,0.0,58.1,29.0,57.0,12.0,1.0,6.0,37.0,5.0,41.0,8.0,4.47,5.74,0.0,58.1,0.0,0.27,0.27,20000.0,고졸,잔류,0.0,0.0
2017,롯데,노경은,SP,우투,신규,A,2016,32.0,22.0,20.0,2.0,3.0,12.0,0.0,1.0,0.0,0.0,94.2,72.0,128.0,25.0,5.0,13.0,48.0,5.0,52.0,10.0,6.84,6.24,92.1,2.1,1.1,-0.35,0.75,20000.0,고졸,잔류,0.0,0.0
2018,롯데,노경은,RP,우투,신규,A,2017,33.0,9.0,2.0,7.0,0.0,2.0,0.0,0.0,0.0,0.0,14.2,19.0,25.0,5.0,0.0,4.0,8.0,1.0,8.0,1.0,11.66,7.99,7.0,7.2,0.03,-0.6,-0.57,16000.0,고졸,잔류,0.0,0.0
2019,롯데,노경은,SP,우투,신규,A,2018,34.0,33.0,19.0,14.0,9.0,6.0,0.0,0.0,0.0,0.0,132.1,60.0,127.0,24.0,3.0,18.0,30.0,4.0,89.0,1.0,4.08,5.06,110.2,21.2,3.54,0.64,4.18,10000.0,고졸,미계약,0.0,0.0
2010,한화,마일영,SP,좌투,신규,A,2009,28.0,27.0,20.0,7.0,5.0,8.0,0.0,0.0,1.0,0.0,97.1,75.0,127.0,24.0,1.0,17.0,48.0,3.0,51.0,4.0,6.93,6.04,91.1,6.0,-0.03,-0.01,-0.04,11000.0,고졸,잔류,0.0,0.0
2011,한화,마일영,RP,좌투,신규,A,2010,29.0,47.0,0.0,47.0,1.0,3.0,2.0,0.0,10.0,0.0,43.2,34.0,51.0,7.0,1.0,9.0,20.0,1.0,26.0,3.0,7.01,6.05,0.0,43.2,0.0,-0.27,-0.27,11000.0,고졸,잔류,0.0,0.0
2012,한화,마일영,RP,좌투,신규,A,2011,30.0,51.0,8.0,43.0,2.0,5.0,0.0,0.0,8.0,0.0,69.2,45.0,75.0,14.0,0.0,4.0,49.0,3.0,32.0,6.0,5.81,5.43,33.0,36.2,0.71,-0.59,0.12,8300.0,고졸,잔류,0.0,0.0
2013,한화,마일영,RP,좌투,신규,A,2012,31.0,55.0,2.0,53.0,2.0,3.0,1.0,0.0,6.0,0.0,61.2,38.0,86.0,14.0,3.0,6.0,18.0,2.0,31.0,9.0,5.55,4.39,6.1,55.1,0.0,-0.57,-0.57,10000.0,고졸,잔류,3.0,8.0
2014,한화,마일영,RP,좌투,FA 1년차,A,2013,32.0,13.0,1.0,12.0,0.0,1.0,0.0,0.0,0.0,0.0,12.1,9.0,17.0,0.0,0.0,1.0,6.0,2.0,6.0,0.0,6.57,5.56,1.2,10.2,-0.14,0.07,-0.07,15000.0,고졸,잔류,0.0,0.0
2014,키움,마정길,CP,우언,신규,A,2013,34.0,29.0,0.0,29.0,4.0,1.0,1.0,1.0,1.0,0.0,33.0,15.0,32.0,5.0,1.0,1.0,18.0,3.0,31.0,0.0,4.09,3.69,0.0,33.0,0.0,0.26,0.26,7000.0,대졸,잔류,0.0,0.0
2015,키움,마정길,RP,우언,신규,A,2014,35.0,55.0,0.0,55.0,3.0,3.0,0.0,0.0,7.0,1.0,64.0,34.0,57.0,9.0,0.0,9.0,30.0,12.0,55.0,2.0,4.78,5.81,0.0,64.0,0.0,1.52,1.52,8800.0,대졸,잔류,0.0,0.0
2016,키움,마정길,RP,우언,신규,A,2015,36.0,35.0,0.0,35.0,0.0,0.0,0.0,0.0,0.0,0.0,37.1,21.0,36.0,9.0,0.0,4.0,17.0,6.0,33.0,1.0,5.06,5.07,0.0,37.1,0.0,0.56,0.56,14000.0,대졸,잔류,2.0,6.2
2017,키움,마정길,RP,우언,FA 1년차,A,2016,37.0,61.0,0.0,61.0,6.0,1.0,0.0,0.0,12.0,1.0,63.2,29.0,61.0,16.0,2.0,10.0,34.0,4.0,52.0,1.0,4.1,5.92,0.0,63.2,0.0,1.36,1.36,20000.0,대졸,잔류,0.0,0.0
2011,한화,박정진,CP,좌투,신규,A,2010,34.0,56.0,0.0,56.0,2.0,4.0,10.0,4.0,6.0,0.0,79.1,27.0,58.0,6.0,0.0,3.0,36.0,3.0,80.0,4.0,3.06,2.99,0.0,79.1,0.0,2.34,2.34,3500.0,대졸,잔류,0.0,0.0
2012,한화,박정진,RP,좌투,신규,A,2011,35.0,64.0,0.0,64.0,7.0,6.0,7.0,1.0,16.0,0.0,86.0,31.0,70.0,18.0,0.0,6.0,28.0,1.0,92.0,5.0,3.24,2.83,0.0,86.0,0.0,2.33,2.33,7500.0,대졸,잔류,0.0,0.0
2013,한화,박정진,RP,좌투,신규,A,2012,36.0,63.0,0.0,63.0,4.0,4.0,3.0,0.0,12.0,0.0,49.1,30.0,36.0,10.0,0.0,4.0,27.0,0.0,45.0,5.0,5.47,3.8,0.0,49.1,0.0,-0.01,-0.01,13000.0,대졸,잔류,0.0,0.0
2014,한화,박정진,RP,좌투,신규,A,2013,37.0,30.0,0.0,30.0,1.0,5.0,1.0,2.0,6.0,0.0,21.2,14.0,17.0,4.0,0.0,2.0,14.0,1.0,21.0,6.0,5.82,4.62,0.0,21.2,0.0,0.07,0.07,14000.0,대졸,잔류,2.0,8.0
2015,한화,박정진,CP,좌투,FA 1년차,A,2014,38.0,60.0,0.0,60.0,4.0,4.0,9.0,2.0,7.0,0.0,49.1,33.0,54.0,14.0,1.0,5.0,25.0,1.0,51.0,1.0,6.02,4.45,0.0,49.1,0.0,0.48,0.48,20000.0,고졸,잔류,0.0,0.0
2016,한화,박정진,RP,좌투,재자격,A,2015,39.0,76.0,0.0,76.0,6.0,1.0,1.0,1.0,15.0,4.0,96.0,33.0,84.0,12.0,1.0,8.0,39.0,5.0,92.0,7.0,3.09,4.08,0.0,96.0,0.0,2.22,2.22,20000.0,고졸,잔류,0.0,0.0
2017,한화,박정진,RP,좌투,재자격,A,2016,40.0,77.0,1.0,76.0,4.0,4.0,0.0,1.0,6.0,1.0,84.0,52.0,96.0,14.0,1.0,11.0,33.0,2.0,85.0,9.0,5.57,4.49,1.0,83.0,0.0,0.43,0.43,30000.0,고졸,잔류,0.0,0.0
2018,한화,박정진,RP,좌투,재자격,A,2017,41.0,55.0,0.0,55.0,3.0,2.0,1.0,0.0,7.0,0.0,48.0,21.0,38.0,6.0,0.0,6.0,24.0,3.0,51.0,3.0,3.94,4.78,0.0,48.0,0.0,0.7,0.7,33000.0,고졸,은퇴,0.0,0.0
2012,삼성,배영수,SP,우투,재자격,A,2011,30.0,25.0,17.0,8.0,6.0,8.0,0.0,0.0,1.0,0.0,103.0,62.0,127.0,23.0,5.0,5.0,27.0,6.0,47.0,5.0,5.42,4.02,89.2,13.1,0.06,0.19,0.25,40000.0,고졸,잔류,0.0,0.0
2013,삼성,배영수,SP,우투,재자격,A,2012,31.0,26.0,25.0,1.0,12.0,8.0,0.0,0.0,0.0,0.0,160.0,57.0,159.0,31.0,3.0,7.0,39.0,3.0,89.0,5.0,3.21,3.41,157.2,2.1,3.39,0.12,3.51,40000.0,고졸,잔류,0.0,0.0
2014,삼성,배영수,SP,우투,재자격,A,2013,32.0,27.0,26.0,1.0,14.0,4.0,0.0,0.0,0.0,0.0,151.0,79.0,193.0,33.0,5.0,9.0,38.0,14.0,101.0,5.0,4.71,3.9,150.0,1.0,1.91,0.04,1.95,45000.0,고졸,잔류,0.0,0.0
2015,삼성,배영수,SP,우투,재자격,A,2014,33.0,25.0,24.0,1.0,8.0,6.0,0.0,0.0,0.0,0.0,133.2,81.0,171.0,39.0,7.0,14.0,39.0,5.0,111.0,4.0,5.45,4.42,133.2,0.0,2.36,0.0,2.36,55000.0,고졸,이적,3.0,21.0
2016,한화,배영수,SP,우투,FA 1년차,A,2015,34.0,32.0,21.0,11.0,4.0,11.0,0.0,1.0,1.0,0.0,101.0,79.0,124.0,19.0,1.0,21.0,39.0,14.0,56.0,6.0,7.04,6.81,85.0,16.0,-0.11,0.09,-0.02,55000.0,고졸,잔류,0.0,0.0
2019,삼성,백정현,SP,좌투,신규,B,2018,31.0,25.0,23.0,2.0,7.0,7.0,1.0,0.0,0.0,0.0,125.2,64.0,142.0,27.0,2.0,18.0,36.0,3.0,99.0,2.0,4.58,5.04,120.0,5.2,3.13,0.23,3.36,15500.0,고졸,잔류,0.0,0.0
2020,삼성,백정현,SP,좌투,신규,B,2019,32.0,28.0,27.0,1.0,8.0,10.0,0.0,0.0,0.0,0.0,157.0,74.0,158.0,29.0,4.0,17.0,56.0,6.0,82.0,4.0,4.24,5.02,153.2,3.1,3.08,-0.17,2.91,21000.0,고졸,잔류,0.0,0.0
2021,삼성,백정현,SP,좌투,신규,B,2020,33.0,11.0,11.0,0.0,4.0,4.0,0.0,0.0,0.0,0.0,59.0,34.0,67.0,15.0,2.0,13.0,17.0,1.0,46.0,1.0,5.19,5.61,59.0,0.0,0.32,0.0,0.32,28000.0,고졸,잔류,0.0,0.0
2022,삼성,백정현,SP,좌투,신규,B,2021,34.0,27.0,27.0,0.0,14.0,5.0,0.0,0.0,0.0,0.0,157.2,46.0,142.0,25.0,1.0,15.0,54.0,2.0,109.0,5.0,2.63,4.23,157.2,0.0,6.2,0.0,6.2,25500.0,고졸,잔류,4.0,38.0
2023,삼성,백정현,SP,좌투,FA 1년차,B,2022,35.0,24.0,24.0,0.0,4.0,13.0,0.0,0.0,0.0,0.0,124.2,73.0,154.0,27.0,2.0,22.0,37.0,9.0,70.0,9.0,5.27,5.62,124.2,0.0,1.51,0.0,1.51,80000.0,고졸,잔류,0.0,0.0
2014,LG,봉중근,CP,좌투,신규,A,2013,33.0,55.0,0.0,55.0,8.0,1.0,38.0,3.0,0.0,0.0,61.0,9.0,44.0,8.0,0.0,2.0,27.0,3.0,54.0,3.0,1.33,3.4,0.0,61.0,0.0,2.95,2.95,15000.0,고졸,잔류,0.0,0.0
2015,LG,봉중근,CP,좌투,신규,A,2014,34.0,50.0,0.0,50.0,2.0,4.0,30.0,6.0,0.0,0.0,49.2,16.0,51.0,7.0,0.0,2.0,17.0,4.0,45.0,6.0,2.9,3.78,0.0,49.2,0.0,2.15,2.15,45000.0,고졸,잔류,0.0,0.0
2016,LG,봉중근,CP,좌투,신규,A,2015,35.0,47.0,2.0,45.0,5.0,2.0,15.0,5.0,0.0,0.0,49.1,27.0,60.0,6.0,0.0,10.0,23.0,6.0,39.0,3.0,4.93,6.1,8.1,41.0,0.09,-0.41,-0.32,45000.0,고졸,잔류,0.0,0.0
2017,LG,봉중근,RP,좌투,신규,A,2016,36.0,19.0,5.0,14.0,1.0,0.0,0.0,2.0,2.0,0.0,36.1,20.0,41.0,9.0,0.0,4.0,22.0,2.0,20.0,0.0,4.95,6.22,18.2,17.2,0.54,0.08,0.62,30000.0,고졸,잔류,2.0,15.0
2013,키움,손승락,CP,우투,신규,A,2012,30.0,53.0,0.0,53.0,3.0,2.0,33.0,6.0,0.0,0.0,50.1,12.0,50.0,4.0,3.0,2.0,15.0,0.0,47.0,2.0,2.15,2.43,0.0,50.1,0.0,1.88,1.88,18000.0,대졸,잔류,0.0,0.0
2014,키움,손승락,CP,우투,신규,A,2013,31.0,57.0,0.0,57.0,3.0,2.0,46.0,5.0,0.0,0.0,62.2,16.0,50.0,7.0,2.0,1.0,20.0,1.0,52.0,4.0,2.3,2.81,0.0,62.2,0.0,2.7,2.7,26000.0,대졸,잔류,0.0,0.0
2015,키움,손승락,CP,우투,신규,A,2014,32.0,62.0,0.0,62.0,3.0,5.0,32.0,6.0,0.0,0.0,62.1,30.0,69.0,12.0,0.0,6.0,11.0,2.0,53.0,3.0,4.33,3.92,0.0,62.1,0.0,1.54,1.54,43000.0,대졸,잔류,0.0,0.0
2016,키움,손승락,CP,우투,신규,A,2015,33.0,58.0,0.0,58.0,4.0,6.0,23.0,6.0,0.0,0.0,61.1,26.0,73.0,7.0,1.0,6.0,13.0,3.0,63.0,1.0,3.82,3.4,0.0,61.1,0.0,0.49,0.49,53000.0,대졸,이적,4.0,60.0
2017,롯데,손승락,CP,우투,FA 1년차,A,2016,34.0,48.0,0.0,48.0,7.0,3.0,20.0,6.0,0.0,0.0,50.2,24.0,61.0,6.0,1.0,5.0,24.0,3.0,48.0,5.0,4.26,4.52,0.0,50.2,0.0,1.42,1.42,70000.0,고졸,잔류,0.0,0.0
2018,롯데,손승락,CP,우투,재자격,A,2017,35.0,61.0,0.0,61.0,1.0,3.0,37.0,5.0,0.0,0.0,62.0,15.0,59.0,3.0,1.0,7.0,11.0,1.0,62.0,0.0,2.18,3.55,0.0,62.0,0.0,2.79,2.79,70000.0,고졸,잔류,0.0,0.0
2019,롯데,손승락,CP,우투,재자격,A,2018,36.0,57.0,0.0,57.0,3.0,5.0,28.0,6.0,0.0,0.0,57.2,25.0,53.0,13.0,0.0,1.0,20.0,1.0,60.0,2.0,3.9,2.92,0.0,57.2,0.0,2.49,2.49,70000.0,고졸,잔류,0.0,0.0
2020,롯데,손승락,CP,우투,재자격,A,2019,37.0,53.0,0.0,53.0,4.0,3.0,9.0,4.0,2.0,1.0,52.2,23.0,55.0,9.0,1.0,3.0,19.0,3.0,44.0,2.0,3.93,3.58,0.0,52.2,0.0,0.85,0.85,70000.0,고졸,은퇴,0.0,0.0
2013,롯데,송승준,SP,우투,신규,A,2012,32.0,28.0,28.0,0.0,7.0,11.0,0.0,0.0,0.0,0.0,163.0,60.0,158.0,20.0,1.0,12.0,57.0,8.0,117.0,5.0,3.31,3.8,163.0,0.0,2.96,0.0,2.96,30000.0,고졸,잔류,0.0,0.0
2014,롯데,송승준,SP,우투,신규,A,2013,33.0,29.0,29.0,0.0,12.0,6.0,0.0,0.0,0.0,0.0,167.2,70.0,171.0,32.0,3.0,11.0,64.0,4.0,133.0,4.0,3.76,3.85,167.2,0.0,4.78,0.0,4.78,31000.0,고졸,잔류,0.0,0.0
2015,롯데,송승준,SP,우투,신규,A,2014,34.0,24.0,23.0,1.0,8.0,11.0,0.0,0.0,0.0,0.0,122.0,82.0,166.0,29.0,4.0,16.0,43.0,10.0,89.0,4.0,6.05,5.34,117.2,4.1,1.68,0.23,1.91,36000.0,고졸,잔류,0.0,0.0
2016,롯데,송승준,SP,우투,신규,A,2015,35.0,25.0,23.0,2.0,8.0,7.0,0.0,0.0,0.0,0.0,125.0,66.0,131.0,19.0,1.0,17.0,46.0,4.0,112.0,8.0,4.75,4.69,120.2,4.1,2.71,0.29,3.0,34000.0,고졸,잔류,4.0,40.0
2017,롯데,송승준,SP,우투,FA 1년차,A,2016,36.0,10.0,10.0,0.0,1.0,2.0,0.0,0.0,0.0,0.0,41.1,40.0,62.0,9.0,1.0,6.0,21.0,2.0,35.0,4.0,8.71,5.58,41.1,0.0,-0.08,0.0,-0.08,40000.0,고졸,잔류,0.0,0.0
2012,SSG,송은범,RP,우투,신규,A,2011,27.0,38.0,11.0,27.0,8.0,8.0,1.0,2.0,4.0,0.0,78.2,30.0,71.0,9.0,0.0,10.0,45.0,2.0,55.0,5.0,3.43,5.12,41.2,37.0,1.36,0.22,1.58,22000.0,고졸,잔류,0.0,0.0
2013,SSG,송은범,SP,우투,신규,A,2012,28.0,20.0,19.0,1.0,8.0,3.0,0.0,0.0,0.0,0.0,97.2,45.0,98.0,16.0,0.0,6.0,44.0,2.0,72.0,4.0,4.15,3.83,96.2,1.0,1.25,0.05,1.3,24000.0,고졸,잔류,0.0,0.0
2014,KIA,송은범,CP,우투,신규,A,2013,29.0,41.0,4.0,37.0,1.0,7.0,5.0,3.0,6.0,0.0,48.3,40.0,71.0,15.0,2.0,4.0,27.0,0.0,29.0,9.0,7.35,4.94,15.2,33.1,-0.18,-0.18,-0.36,24000.0,고졸,잔류,0.0,0.0
2015,KIA,송은범,RP,우투,신규,A,2014,30.0,27.0,11.0,16.0,4.0,8.0,0.0,0.0,0.0,0.0,78.2,64.0,114.0,16.0,5.0,11.0,43.0,5.0,60.0,12.0,7.32,5.9,52.2,26.0,0.27,-0.34,-0.08,30000.0,고졸,이적,4.0,34.0
2017,한화,송은범,SP,우투,재자격,A,2016,32.0,30.0,27.0,3.0,2.0,11.0,0.0,0.0,1.0,0.0,122.0,87.0,159.0,21.0,1.0,13.0,49.0,5.0,85.0,11.0,6.42,5.14,118.0,4.0,1.41,-0.2,1.21,45000.0,고졸,잔류,0.0,0.0
2018,한화,송은범,RP,우투,재자격,A,2017,33.0,13.0,6.0,7.0,0.0,4.0,1.0,0.0,0.0,1.0,37.1,27.0,45.0,4.0,0.0,4.0,23.0,3.0,15.0,1.0,6.51,6.64,27.1,10.0,0.4,-0.28,0.12,45000.0,고졸,잔류,0.0,0.0
2019,한화,송은범,RP,우투,재자격,A,2018,34.0,68.0,0.0,68.0,7.0,4.0,1.0,3.0,10.0,1.0,79.1,22.0,77.0,9.0,1.0,2.0,33.0,5.0,61.0,8.0,2.5,4.21,0.0,79.1,0.0,2.77,2.77,45000.0,고졸,잔류,0.0,0.0
2020,LG,송은범,RP,우투,재자격,A,2019,35.0,63.0,0.0,63.0,2.0,6.0,1.0,0.0,9.0,0.0,60.0,35.0,80.0,5.0,2.0,6.0,23.0,3.0,36.0,3.0,5.25,4.64,0.0,60.0,0.0,-0.11,-0.11,25000.0,고졸,잔류,2.0,10.0
2021,LG,송은범,RP,우투,FA 1년차,A,2020,36.0,56.0,1.0,55.0,4.0,2.0,2.0,0.0,6.0,0.0,56.0,28.0,66.0,8.0,1.0,4.0,19.0,3.0,28.0,2.0,4.5,4.81,2.1,53.2,-0.33,0.91,0.58,27000.0,고졸,잔류,0.0,0.0
2013,키움,심수창,RP,우투,신규,A,2012,31.0,21.0,3.0,18.0,0.0,5.0,0.0,1.0,0.0,0.0,40.2,33.0,58.0,10.0,0.0,3.0,21.0,2.0,24.0,2.0,7.3,4.57,12.2,28.0,-0.36,-0.34,-0.7,6500.0,대졸,잔류,0.0,0.0
2015,롯데,심수창,CP,우투,신규,A,2014,33.0,11.0,0.0,11.0,0.0,0.0,2.0,0.0,0.0,0.0,19.2,20.0,24.0,5.0,1.0,7.0,8.0,0.0,14.0,1.0,9.15,7.97,0.0,19.2,0.0,0.03,0.03,5500.0,대졸,잔류,0.0,0.0
2016,롯데,심수창,CP,우투,신규,A,2015,34.0,39.0,6.0,33.0,4.0,6.0,5.0,2.0,3.0,0.0,73.1,49.0,99.0,14.0,0.0,9.0,29.0,3.0,76.0,14.0,6.01,4.23,26.1,47.0,-0.17,0.23,0.05,5500.0,대졸,이적,4.0,13.0
2017,한화,심수창,RP,우투,FA 1년차,A,2016,35.0,66.0,10.0,56.0,5.0,5.0,2.0,0.0,6.0,0.0,113.1,75.0,138.0,23.0,1.0,14.0,58.0,4.0,76.0,6.0,5.96,5.68,32.2,80.2,0.0,0.33,0.33,25000.0,대졸,잔류,0.0,0.0
2015,한화,안영명,RP,우투,신규,A,2014,30.0,48.0,6.0,42.0,7.0,6.0,4.0,1.0,6.0,3.0,97.2,49.0,114.0,20.0,3.0,8.0,36.0,13.0,64.0,3.0,4.52,5.11,31.0,66.2,-0.24,1.91,1.68,11500.0,고졸,잔류,0.0,0.0
2016,한화,안영명,SP,우투,신규,A,2015,31.0,35.0,27.0,8.0,10.0,6.0,0.0,0.0,1.0,0.0,125.1,71.0,137.0,23.0,1.0,15.0,60.0,11.0,82.0,4.0,5.1,5.61,114.1,11.0,2.48,0.16,2.64,15500.0,고졸,잔류,0.0,0.0
2017,한화,안영명,SP,우투,신규,A,2016,32.0,2.0,1.0,1.0,0.0,1.0,0.0,0.0,0.0,0.0,2.2,6.0,9.0,3.0,0.0,0.0,4.0,0.0,1.0,0.0,20.25,7.95,2.0,0.2,-0.33,-0.13,-0.47,28000.0,고졸,잔류,0.0,0.0
2018,한화,안영명,SP,우투,신규,A,2017,33.0,25.0,16.0,9.0,1.0,8.0,0.0,1.0,0.0,0.0,87.2,56.0,123.0,30.0,2.0,11.0,28.0,5.0,54.0,5.0,5.75,5.16,75.1,12.1,0.62,0.05,0.66,20000.0,고졸,잔류,2.0,12.0
2019,한화,안영명,RP,우투,FA 1년차,A,2018,34.0,53.0,1.0,52.0,8.0,2.0,0.0,1.0,8.0,0.0,66.0,42.0,83.0,10.0,0.0,12.0,15.0,4.0,48.0,4.0,5.73,5.54,5.0,61.0,0.1,0.81,0.91,35000.0,고졸,잔류,0.0,0.0
2012,삼성,안지만,RP,우투,신규,A,2011,28.0,47.0,5.0,42.0,11.0,5.0,0.0,1.0,17.0,0.0,86.0,27.0,74.0,11.0,1.0,3.0,20.0,4.0,77.0,2.0,2.83,2.67,28.1,57.2,0.64,2.02,2.66,17000.0,고졸,잔류,0.0,0.0
2013,삼성,안지만,RP,우투,신규,A,2012,29.0,56.0,0.0,56.0,1.0,2.0,0.0,1.0,28.0,0.0,63.1,12.0,42.0,9.0,1.0,1.0,20.0,0.0,58.0,1.0,1.71,2.27,0.0,63.1,0.0,2.9,2.9,25000.0,고졸,잔류,0.0,0.0
2014,삼성,안지만,RP,우투,신규,A,2013,30.0,54.0,0.0,54.0,6.0,2.0,0.0,3.0,22.0,3.0,63.2,22.0,46.0,8.0,1.0,3.0,23.0,3.0,60.0,5.0,3.11,3.17,0.0,63.2,0.0,1.23,1.23,30000.0,고졸,잔류,0.0,0.0
2015,삼성,안지만,RP,우투,신규,A,2014,31.0,55.0,0.0,55.0,6.0,3.0,1.0,4.0,27.0,0.0,62.1,26.0,51.0,9.0,0.0,5.0,30.0,4.0,67.0,4.0,3.75,4.11,0.0,62.1,0.0,1.63,1.63,41000.0,고졸,잔류,4.0,65.0
2016,삼성,안지만,RP,우투,FA 1년차,A,2015,32.0,66.0,0.0,66.0,4.0,3.0,0.0,4.0,37.0,0.0,78.1,29.0,76.0,18.0,2.0,8.0,26.0,2.0,96.0,2.0,3.33,3.27,0.0,78.1,0.0,2.52,2.52,75000.0,고졸,잔류,0.0,0.0
2014,KIA,양현종,SP,좌투,신규,A,2013,25.0,19.0,17.0,2.0,9.0,3.0,0.0,0.0,0.0,0.0,104.2,36.0,99.0,14.0,1.0,10.0,43.0,6.0,95.0,3.0,3.1,4.12,97.1,7.1,3.77,0.57,4.34,9000.0,고졸,잔류,0.0,0.0
2015,KIA,양현종,SP,좌투,신규,A,2014,26.0,29.0,29.0,0.0,16.0,8.0,0.0,0.0,0.0,0.0,171.1,81.0,162.0,30.0,6.0,12.0,77.0,4.0,165.0,5.0,4.25,4.13,171.1,0.0,5.63,0.0,5.63,12000.0,고졸,잔류,0.0,0.0
2016,KIA,양현종,SP,좌투,신규,A,2015,27.0,32.0,31.0,1.0,15.0,6.0,0.0,0.0,1.0,0.0,184.1,50.0,150.0,27.0,2.0,18.0,78.0,7.0,157.0,6.0,2.44,4.56,184.0,0.1,8.97,0.04,9.01,40000.0,고졸,잔류,0.0,0.0
2017,KIA,양현종,SP,좌투,신규,A,2016,28.0,31.0,31.0,0.0,10.0,12.0,0.0,0.0,0.0,0.0,200.1,82.0,191.0,31.0,2.0,19.0,77.0,2.0,146.0,6.0,3.68,4.77,200.1,0.0,6.19,0.0,6.19,75000.0,고졸,잔류,1.0,22.5
2018,KIA,양현종,SP,좌투,재자격,B,2017,29.0,31.0,31.0,0.0,20.0,6.0,0.0,0.0,0.0,0.0,193.1,74.0,209.0,32.0,2.0,17.0,45.0,0.0,158.0,14.0,3.44,3.93,193.1,0.0,6.17,0.0,6.17,150000.0,고졸,잔류,0.0,0.0
2019,KIA,양현종,SP,좌투,재자격,B,2018,30.0,29.0,29.0,0.0,13.0,11.0,0.0,0.0,0.0,0.0,184.1,85.0,199.0,33.0,0.0,21.0,43.0,2.0,152.0,5.0,4.15,4.4,184.1,0.0,5.83,0.0,5.83,230000.0,고졸,잔류,0.0,0.0
2020,KIA,양현종,SP,좌투,재자격,B,2019,31.0,29.0,29.0,0.0,16.0,8.0,0.0,0.0,0.0,0.0,184.2,47.0,165.0,32.0,1.0,6.0,33.0,2.0,163.0,1.0,2.29,2.58,184.2,0.0,7.53,0.0,7.53,230000.0,고졸,잔류,0.0,0.0
2021,KIA,양현종,SP,좌투,재자격,B,2020,32.0,31.0,31.0,0.0,11.0,10.0,0.0,0.0,0.0,0.0,172.1,90.0,180.0,40.0,4.0,13.0,64.0,5.0,149.0,7.0,4.7,3.97,172.1,0.0,3.9,0.0,3.9,230000.0,고졸,미국,0.0,0.0
2011,삼성,오승환,CP,우투,신규,A,2010,28.0,16.0,0.0,16.0,0.0,0.0,4.0,3.0,0.0,0.0,14.0,7.0,13.0,1.0,0.0,4.0,5.0,0.0,19.0,1.0,4.5,4.85,0.0,14.0,0.0,0.32,0.32,26000.0,대졸,잔류,0.0,0.0
2012,삼성,오승환,CP,우투,신규,A,2011,29.0,54.0,0.0,54.0,1.0,0.0,47.0,1.0,0.0,0.0,57.0,4.0,27.0,3.0,0.0,2.0,11.0,0.0,76.0,1.0,0.63,1.31,0.0,57.0,0.0,3.78,3.78,24000.0,대졸,잔류,0.0,0.0
2013,삼성,오승환,CP,우투,신규,A,2012,30.0,50.0,0.0,50.0,2.0,1.0,37.0,0.0,0.0,0.0,55.2,12.0,33.0,8.0,1.0,1.0,13.0,3.0,81.0,2.0,1.94,0.73,0.0,55.2,0.0,2.36,2.36,38000.0,대졸,잔류,0.0,0.0
2014,삼성,오승환,CP,우투,신규,A,2013,31.0,48.0,0.0,48.0,4.0,1.0,28.0,2.0,0.0,0.0,51.2,10.0,33.0,7.0,1.0,4.0,10.0,2.0,54.0,0.0,1.74,2.83,0.0,51.2,0.0,1.69,1.69,55000.0,대졸,일본,0.0,0.0
2021,삼성,오승환,CP,우투,신규,C,2020,38.0,45.0,0.0,45.0,3.0,2.0,18.0,4.0,2.0,0.0,47.2,14.0,44.0,10.0,1.0,2.0,15.0,2.0,39.0,1.0,2.64,3.55,0.0,47.2,0.0,2.14,2.14,120000.0,신규 35세 해외 복귀,잔류,0.0,0.0
2022,삼성,오승환,CP,우투,신규,C,2021,39.0,64.0,0.0,64.0,0.0,2.0,44.0,1.0,0.0,0.0,62.0,14.0,56.0,15.0,3.0,3.0,16.0,2.0,57.0,2.0,2.03,2.79,0.0,62.0,0.0,2.7,2.7,110000.0,신규 35세 해외 복귀,잔류,0.0,0.0
2023,삼성,오승환,CP,우투,신규,C,2022,40.0,57.0,0.0,57.0,6.0,2.0,31.0,7.0,2.0,0.0,57.0,21.0,59.0,9.0,1.0,8.0,13.0,1.0,51.0,1.0,3.32,3.98,0.0,57.0,0.0,1.54,1.54,160000.0,신규 35세 해외 복귀,잔류,0.0,0.0
2024,삼성,오승환,CP,우투,신규,C,2023,41.0,58.0,1.0,57.0,4.0,5.0,30.0,4.0,2.0,0.0,62.2,24.0,57.0,11.0,1.0,9.0,15.0,2.0,44.0,0.0,3.45,4.59,5.0,57.2,0.06,0.93,0.99,140000.0,신규 35세 해외 복귀,잔류,2.0,22.0
2025,삼성,오승환,CP,우투,FA 1년차,C,2024,42.0,58.0,0.0,58.0,3.0,9.0,27.0,8.0,2.0,1.0,55.0,30.0,75.0,17.0,2.0,9.0,18.0,3.0,42.0,5.0,4.91,5.31,0.0,55.0,0.0,0.09,0.09,40000.0,신규 35세 해외 복귀,잔류,0.0,0.0
2017,키움,오주원,RP,좌투,신규,A,2016,31.0,55.0,0.0,55.0,3.0,2.0,2.0,0.0,7.0,0.0,51.0,25.0,50.0,7.0,1.0,3.0,17.0,4.0,40.0,0.0,4.41,4.26,0.0,51.0,0.0,1.56,1.56,8800.0,고졸,잔류,0.0,0.0
2018,키움,오주원,RP,좌투,신규,A,2017,32.0,57.0,3.0,54.0,2.0,7.0,1.0,1.0,18.0,2.0,73.2,39.0,96.0,22.0,1.0,10.0,15.0,2.0,56.0,6.0,4.76,4.59,15.0,58.2,0.0,1.3,1.3,12000.0,고졸,잔류,0.0,0.0
2019,키움,오주원,RP,좌투,신규,A,2018,33.0,61.0,0.0,61.0,3.0,6.0,1.0,3.0,15.0,0.0,52.1,36.0,61.0,11.0,0.0,8.0,13.0,1.0,36.0,1.0,6.19,5.16,0.0,52.1,0.0,0.56,0.56,15000.0,고졸,잔류,0.0,0.0
2020,키움,오주원,CP,좌투,신규,A,2019,34.0,57.0,0.0,57.0,3.0,3.0,18.0,2.0,3.0,0.0,54.1,14.0,54.0,7.0,0.0,1.0,7.0,3.0,41.0,1.0,2.32,2.71,0.0,54.1,0.0,2.13,2.13,15000.0,고졸,잔류,2.0,7.0
2021,키움,오주원,RP,좌투,FA 1년차,A,2020,35.0,25.0,0.0,25.0,3.0,1.0,0.0,1.0,2.0,1.0,18.1,11.0,22.0,2.0,0.0,6.0,0.0,0.0,13.0,0.0,5.4,6.12,0.0,18.1,0.0,-0.06,-0.06,20000.0,고졸,잔류,0.0,0.0
2014,LG,우규민,SP,우언,신규,A,2013,28.0,30.0,25.0,5.0,10.0,8.0,0.0,0.0,2.0,1.0,147.1,64.0,162.0,25.0,6.0,5.0,31.0,12.0,92.0,2.0,3.91,3.5,139.0,8.1,3.67,-0.44,3.23,9000.0,고졸,잔류,0.0,0.0
2015,LG,우규민,SP,우언,신규,A,2014,29.0,29.0,28.0,1.0,11.0,5.0,0.0,0.0,0.0,0.0,153.2,69.0,170.0,18.0,5.0,11.0,34.0,12.0,103.0,2.0,4.04,4.36,152.2,1.0,4.48,0.04,4.53,18000.0,고졸,잔류,0.0,0.0
2016,LG,우규민,SP,우언,신규,A,2015,30.0,25.0,25.0,0.0,11.0,9.0,0.0,0.0,0.0,0.0,152.2,58.0,163.0,26.0,5.0,13.0,17.0,12.0,119.0,2.0,3.42,3.75,152.2,0.0,5.21,0.0,5.21,30000.0,고졸,잔류,0.0,0.0
2017,LG,우규민,SP,우언,신규,A,2016,31.0,28.0,24.0,4.0,6.0,11.0,0.0,0.0,1.0,1.0,132.0,72.0,166.0,30.0,0.0,16.0,36.0,18.0,81.0,1.0,4.91,5.39,129.0,3.0,2.55,-0.42,2.13,40000.0,고졸,이적,4.0,65.0
2018,삼성,우규민,SP,우언,FA 1년차,B,2017,32.0,27.0,25.0,2.0,7.0,10.0,0.0,0.0,0.0,0.0,133.0,77.0,161.0,28.0,4.0,19.0,23.0,16.0,100.0,2.0,5.21,4.94,130.0,3.0,1.18,0.15,1.33,70000.0,고졸,잔류,0.0,0.0
2019,삼성,우규민,RP,우언,재자격,B,2018,33.0,48.0,0.0,48.0,4.0,1.0,0.0,1.0,10.0,0.0,58.2,28.0,70.0,12.0,0.0,6.0,12.0,5.0,48.0,0.0,4.3,4.36,0.0,58.2,0.0,1.86,1.86,70000.0,고졸,잔류,0.0,0.0
2020,삼성,우규민,CP,우언,재자격,B,2019,34.0,54.0,0.0,54.0,2.0,7.0,15.0,3.0,7.0,0.0,59.0,18.0,58.0,3.0,0.0,7.0,10.0,6.0,40.0,0.0,2.75,4.31,0.0,59.0,0.0,2.02,2.02,70000.0,고졸,잔류,0.0,0.0
2021,삼성,우규민,RP,우언,재자격,B,2020,35.0,52.0,0.0,52.0,3.0,3.0,7.0,2.0,11.0,1.0,48.0,33.0,61.0,10.0,1.0,3.0,9.0,1.0,30.0,0.0,6.19,3.76,0.0,48.0,0.0,0.5,0.5,70000.0,고졸,잔류,2.0,10.0
2022,삼성,우규민,RP,우언,FA 1년차,B,2021,36.0,60.0,0.0,60.0,3.0,3.0,2.0,4.0,24.0,0.0,49.0,18.0,58.0,4.0,1.0,5.0,9.0,2.0,35.0,1.0,3.31,3.83,0.0,49.0,0.0,0.9,0.9,20000.0,고졸,잔류,0.0,0.0
2020,NC,원종현,CP,우투,신규,C,2019,32.0,60.0,0.0,60.0,3.0,3.0,31.0,9.0,0.0,0.0,60.0,26.0,62.0,9.0,2.0,4.0,17.0,3.0,59.0,5.0,3.9,3.13,0.0,60.0,0.0,0.35,0.35,20000.0,35세 이상,잔류,0.0,0.0
2021,NC,원종현,CP,우투,신규,C,2020,33.0,58.0,0.0,58.0,3.0,5.0,30.0,6.0,0.0,0.0,57.0,27.0,56.0,5.0,1.0,4.0,20.0,2.0,41.0,4.0,4.26,4.17,0.0,57.0,0.0,0.87,0.87,26000.0,35세 이상,잔류,0.0,0.0
2022,NC,원종현,CP,우투,신규,C,2021,34.0,61.0,0.0,61.0,2.0,2.0,14.0,7.0,6.0,0.0,53.0,25.0,67.0,9.0,0.0,5.0,23.0,3.0,45.0,4.0,4.25,4.17,0.0,53.0,0.0,0.13,0.13,30000.0,35세 이상,잔류,0.0,0.0
2023,NC,원종현,RP,우투,신규,C,2022,35.0,68.0,0.0,68.0,5.0,0.0,1.0,3.0,13.0,0.0,63.1,21.0,55.0,8.0,0.0,5.0,17.0,1.0,50.0,2.0,2.98,3.63,0.0,63.1,0.0,1.11,1.11,27000.0,35세 이상,이적,4.0,25.0
2024,키움,원종현,RP,우투,FA 1년차,C,2023,36.0,20.0,0.0,20.0,1.0,1.0,0.0,4.0,6.0,0.0,18.2,12.0,24.0,8.0,1.0,3.0,5.0,1.0,17.0,2.0,5.79,4.32,0.0,18.2,0.0,-0.24,-0.24,50000.0,35세 이상,잔류,0.0,0.0
2010,KIA,유동훈,CP,우언,신규,A,2009,32.0,57.0,0.0,57.0,6.0,2.0,22.0,3.0,10.0,0.0,67.1,4.0,37.0,4.0,0.0,2.0,13.0,7.0,38.0,0.0,0.53,3.47,0.0,67.1,0.0,4.62,4.62,9000.0,대졸,잔류,0.0,0.0
2011,KIA,유동훈,CP,우언,신규,A,2010,33.0,48.0,0.0,48.0,3.0,2.0,14.0,6.0,1.0,0.0,47.1,15.0,46.0,7.0,2.0,1.0,10.0,7.0,32.0,0.0,2.85,3.15,0.0,47.1,0.0,1.25,1.25,21000.0,대졸,잔류,0.0,0.0
2012,KIA,유동훈,CP,우언,신규,A,2011,34.0,47.0,0.0,47.0,3.0,3.0,7.0,4.0,2.0,0.0,48.0,21.0,51.0,15.0,0.0,4.0,12.0,4.0,21.0,0.0,3.94,4.36,0.0,48.0,0.0,0.78,0.78,18000.0,대졸,잔류,0.0,0.0
2013,KIA,유동훈,CP,우언,신규,A,2012,35.0,43.0,0.0,43.0,1.0,0.0,6.0,0.0,5.0,0.0,34.0,20.0,33.0,9.0,1.0,0.0,10.0,2.0,29.0,0.0,5.29,2.45,0.0,34.0,0.0,0.03,0.03,15000.0,대졸,잔류,2.0,7.5
2014,KIA,유동훈,RP,우언,FA 1년차,A,2013,36.0,49.0,0.0,49.0,1.0,3.0,0.0,0.0,5.0,1.0,52.1,17.0,56.0,14.0,1.0,3.0,12.0,7.0,38.0,1.0,2.92,3.73,0.0,52.1,0.0,0.85,0.85,17500.0,대졸,잔류,0.0,0.0
2018,두산,유희관,SP,좌투,신규,A,2017,31.0,30.0,29.0,1.0,11.0,6.0,0.0,0.0,1.0,0.0,188.2,95.0,228.0,37.0,3.0,20.0,41.0,10.0,106.0,5.0,4.53,4.9,188.1,0.1,3.9,-0.01,3.89,50000.0,대졸,잔류,0.0,0.0
2019,두산,유희관,SP,좌투,신규,A,2018,32.0,29.0,28.0,1.0,10.0,10.0,0.0,0.0,0.0,0.0,141.0,105.0,197.0,41.0,3.0,23.0,42.0,4.0,81.0,1.0,6.7,5.86,138.0,3.0,0.78,0.09,0.87,50000.0,대졸,잔류,0.0,0.0
2020,두산,유희관,SP,좌투,신규,A,2019,33.0,28.0,27.0,1.0,11.0,8.0,0.0,0.0,0.0,0.0,166.1,60.0,171.0,37.0,2.0,8.0,42.0,3.0,64.0,2.0,3.25,4.26,165.2,0.2,4.71,-0.19,4.52,35000.0,대졸,잔류,0.0,0.0
2021,두산,유희관,SP,좌투,신규,A,2020,34.0,27.0,27.0,0.0,10.0,11.0,0.0,0.0,0.0,0.0,136.1,76.0,190.0,37.0,5.0,14.0,39.0,3.0,56.0,1.0,5.02,5.15,136.1,0.0,1.49,0.0,1.49,47000.0,대졸,잔류,1.0,10.0
2022,두산,유희관,SP,좌투,FA 1년차,A,2021,35.0,15.0,15.0,0.0,4.0,7.0,0.0,0.0,0.0,0.0,63.0,54.0,107.0,14.0,3.0,10.0,24.0,3.0,23.0,0.0,7.71,6.07,63.0,0.0,-0.57,0.0,-0.57,30000.0,대졸,잔류,0.0,0.0
2017,한화,윤규진,RP,우투,신규,A,2016,32.0,41.0,16.0,25.0,7.0,7.0,1.0,0.0,3.0,2.0,100.1,76.0,125.0,16.0,2.0,19.0,54.0,8.0,74.0,4.0,6.82,6.57,71.1,29.0,0.74,0.26,1.0,17000.0,고졸,잔류,0.0,0.0
2018,한화,윤규진,SP,우투,신규,A,2017,33.0,36.0,18.0,18.0,8.0,7.0,0.0,0.0,2.0,0.0,119.0,69.0,138.0,20.0,2.0,19.0,44.0,4.0,93.0,5.0,5.22,5.4,98.2,20.1,2.36,-0.08,2.28,18000.0,고졸,잔류,0.0,0.0
2019,한화,윤규진,SP,우투,신규,A,2018,34.0,18.0,17.0,1.0,2.0,6.0,0.0,0.0,0.0,0.0,84.0,55.0,99.0,22.0,2.0,14.0,30.0,6.0,81.0,3.0,5.89,5.25,82.0,2.0,0.95,0.0,0.95,21000.0,고졸,잔류,0.0,0.0
2020,한화,윤규진,RP,우투,신규,A,2019,35.0,3.0,0.0,3.0,0.0,0.0,0.0,0.0,0.0,0.0,4.1,5.0,6.0,2.0,1.0,0.0,1.0,0.0,1.0,0.0,10.38,3.95,0.0,4.1,0.0,-0.09,-0.09,20000.0,고졸,잔류,2.0,5.0
2021,한화,윤규진,RP,우투,FA 1년차,A,2020,36.0,2.0,0.0,2.0,0.0,0.0,0.0,0.0,0.0,0.0,3.2,3.0,7.0,0.0,0.0,1.0,1.0,0.0,4.0,0.0,7.36,5.36,0.0,3.2,0.0,-0.14,-0.14,17000.0,고졸,잔류,0.0,0.0
2013,SSG,윤길현,RP,우투,신규,A,2012,29.0,5.0,0.0,5.0,0.0,0.0,0.0,0.0,0.0,0.0,3.1,4.0,6.0,1.0,0.0,1.0,3.0,0.0,1.0,0.0,10.8,9.1,0.0,3.1,0.0,-0.11,-0.11,15500.0,고졸,잔류,0.0,0.0
2014,SSG,윤길현,RP,우투,신규,A,2013,30.0,45.0,0.0,45.0,3.0,1.0,0.0,0.0,8.0,0.0,43.1,16.0,35.0,11.0,0.0,5.0,21.0,2.0,47.0,4.0,3.32,4.03,0.0,43.1,0.0,0.87,0.87,12500.0,고졸,잔류,0.0,0.0
2015,SSG,윤길현,RP,우투,신규,A,2014,31.0,59.0,0.0,59.0,3.0,3.0,7.0,3.0,9.0,2.0,57.2,25.0,49.0,10.0,1.0,7.0,28.0,1.0,63.0,9.0,3.9,4.42,0.0,57.2,0.0,1.05,1.05,14500.0,고졸,잔류,0.0,0.0
2016,SSG,윤길현,CP,우투,신규,A,2015,32.0,70.0,0.0,70.0,0.0,4.0,13.0,5.0,17.0,0.0,62.2,22.0,58.0,12.0,0.0,7.0,36.0,2.0,62.0,3.0,3.16,4.73,0.0,62.2,0.0,1.21,1.21,22000.0,고졸,이적,4.0,38.0
2017,롯데,윤길현,RP,우투,FA 1년차,A,2016,33.0,62.0,0.0,62.0,7.0,7.0,2.0,8.0,16.0,0.0,60.0,40.0,75.0,17.0,3.0,8.0,22.0,2.0,50.0,3.0,6.0,4.88,0.0,60.0,0.0,0.2,0.2,50000.0,고졸,잔류,0.0,0.0
2011,KIA,윤석민,SP,우투,신규,A,2010,24.0,23.0,13.0,10.0,6.0,3.0,3.0,1.0,0.0,0.0,101.0,43.0,95.0,17.0,1.0,5.0,36.0,3.0,94.0,3.0,3.83,3.19,86.0,15.0,1.95,0.05,2.0,22000.0,고졸,잔류,0.0,0.0
2012,KIA,윤석민,SP,우투,신규,A,2011,25.0,27.0,25.0,2.0,17.0,5.0,1.0,0.0,0.0,0.0,172.1,47.0,137.0,22.0,2.0,10.0,44.0,6.0,178.0,2.0,2.45,2.63,168.1,4.0,5.72,0.22,5.94,19000.0,고졸,잔류,0.0,0.0
2013,KIA,윤석민,SP,우투,신규,A,2012,26.0,28.0,24.0,4.0,9.0,8.0,0.0,0.0,0.0,0.0,153.0,53.0,120.0,26.0,7.0,9.0,33.0,8.0,137.0,4.0,3.12,2.78,148.0,5.0,2.99,0.26,3.25,38000.0,고졸,잔류,0.0,0.0
2014,KIA,윤석민,CP,우투,신규,A,2013,27.0,30.0,11.0,19.0,3.0,6.0,7.0,1.0,2.0,1.0,87.2,39.0,91.0,18.0,3.0,9.0,28.0,1.0,76.0,0.0,4.0,3.88,62.2,25.0,1.72,0.82,2.54,38000.0,고졸,미국,0.0,0.0
2012,삼성,윤성환,SP,우투,신규,A,2011,30.0,24.0,23.0,1.0,14.0,5.0,0.0,0.0,0.0,0.0,137.1,54.0,151.0,25.0,3.0,8.0,30.0,3.0,83.0,4.0,3.54,3.55,136.1,1.0,2.71,0.05,2.77,15000.0,대졸,잔류,0.0,0.0
2013,삼성,윤성환,SP,우투,신규,A,2012,31.0,19.0,19.0,0.0,9.0,6.0,0.0,0.0,0.0,0.0,114.0,36.0,112.0,22.0,1.0,6.0,26.0,4.0,81.0,5.0,2.84,3.15,114.0,0.0,3.58,0.0,3.58,25000.0,대졸,잔류,0.0,0.0
2014,삼성,윤성환,SP,우투,신규,A,2013,32.0,27.0,27.0,0.0,13.0,8.0,0.0,0.0,0.0,0.0,170.2,62.0,167.0,40.0,2.0,16.0,37.0,4.0,122.0,4.0,3.27,3.87,170.2,0.0,5.24,0.0,5.24,30000.0,대졸,잔류,0.0,0.0
2015,삼성,윤성환,SP,우투,신규,A,2014,33.0,28.0,28.0,0.0,12.0,7.0,0.0,0.0,0.0,0.0,170.1,83.0,196.0,30.0,4.0,18.0,37.0,8.0,133.0,4.0,4.39,4.24,170.1,0.0,4.75,0.0,4.75,45000.0,대졸,잔류,4.0,80.0
2016,삼성,윤성환,SP,우투,FA 1년차,A,2015,34.0,30.0,30.0,0.0,17.0,8.0,0.0,0.0,0.0,0.0,194.0,81.0,199.0,34.0,4.0,27.0,30.0,10.0,164.0,1.0,3.76,4.27,194.0,0.0,6.34,0.0,6.34,80000.0,고졸,잔류,0.0,0.0
2017,삼성,윤성환,SP,우투,재자격,A,2016,35.0,28.0,28.0,0.0,11.0,10.0,0.0,0.0,0.0,0.0,180.0,87.0,202.0,35.0,3.0,25.0,41.0,13.0,85.0,6.0,4.35,5.64,180.0,0.0,5.12,0.0,5.12,80000.0,고졸,잔류,0.0,0.0
2018,삼성,윤성환,SP,우투,재자격,A,2017,36.0,28.0,28.0,0.0,12.0,9.0,0.0,0.0,0.0,0.0,174.1,83.0,181.0,39.0,4.0,22.0,37.0,15.0,130.0,3.0,4.28,4.77,174.1,0.0,5.45,0.0,5.45,80000.0,고졸,잔류,0.0,0.0
2019,삼성,윤성환,SP,우투,재자격,A,2018,37.0,24.0,24.0,0.0,5.0,9.0,0.0,0.0,0.0,0.0,117.1,91.0,164.0,30.0,0.0,28.0,32.0,9.0,89.0,2.0,6.98,6.37,117.1,0.0,0.8,0.0,0.8,80000.0,고졸,잔류,1.0,10.0
2020,삼성,윤성환,SP,우투,FA 1년차,A,2019,38.0,27.0,27.0,0.0,8.0,13.0,0.0,0.0,0.0,0.0,145.1,77.0,168.0,34.0,3.0,14.0,50.0,7.0,65.0,3.0,4.77,5.05,145.1,0.0,2.09,0.0,2.09,40000.0,고졸,잔류,0.0,0.0
2013,LG,이동현,RP,우투,신규,A,2012,29.0,52.0,0.0,52.0,2.0,2.0,0.0,2.0,6.0,0.0,56.2,19.0,43.0,4.0,1.0,1.0,18.0,0.0,56.0,0.0,3.02,2.21,0.0,56.2,0.0,1.37,1.37,5000.0,고졸,잔류,0.0,0.0
2014,LG,이동현,RP,우투,신규,A,2013,30.0,64.0,0.0,64.0,6.0,3.0,1.0,3.0,25.0,2.0,72.0,24.0,70.0,8.0,2.0,4.0,25.0,3.0,53.0,1.0,3.0,3.7,0.0,72.0,0.0,1.69,1.69,8500.0,고졸,잔류,0.0,0.0
2015,LG,이동현,RP,우투,신규,A,2014,31.0,61.0,0.0,61.0,5.0,1.0,2.0,4.0,23.0,0.0,59.1,18.0,54.0,10.0,1.0,2.0,21.0,8.0,38.0,3.0,2.73,4.52,0.0,59.1,0.0,1.86,1.86,17000.0,고졸,잔류,0.0,0.0
2016,LG,이동현,RP,우투,신규,A,2015,32.0,60.0,0.0,60.0,5.0,5.0,4.0,4.0,11.0,0.0,59.1,29.0,65.0,13.0,0.0,4.0,20.0,2.0,55.0,7.0,4.4,3.52,0.0,59.1,0.0,0.46,0.46,30000.0,고졸,잔류,3.0,30.0
2017,LG,이동현,RP,우투,FA 1년차,A,2016,33.0,46.0,0.0,46.0,4.0,3.0,2.0,2.0,5.0,1.0,43.1,26.0,54.0,13.0,0.0,5.0,14.0,3.0,38.0,3.0,5.4,4.42,0.0,43.1,0.0,-0.03,-0.03,60000.0,고졸,잔류,0.0,0.0
2017,키움,이보근,RP,우투,신규,A,2016,30.0,67.0,0.0,67.0,5.0,7.0,0.0,2.0,25.0,4.0,64.2,32.0,69.0,13.0,3.0,3.0,27.0,6.0,56.0,5.0,4.45,4.16,0.0,64.2,0.0,1.08,1.08,8400.0,고졸,잔류,0.0,0.0
2018,키움,이보근,RP,우투,신규,A,2017,31.0,55.0,0.0,55.0,6.0,2.0,6.0,3.0,18.0,0.0,52.2,32.0,62.0,9.0,0.0,9.0,17.0,0.0,58.0,2.0,5.47,4.49,0.0,52.2,0.0,0.51,0.51,15000.0,고졸,잔류,0.0,0.0
2019,키움,이보근,RP,우투,신규,A,2018,32.0,64.0,0.0,64.0,7.0,6.0,0.0,4.0,24.0,0.0,61.0,29.0,66.0,10.0,2.0,6.0,14.0,4.0,54.0,2.0,4.28,4.17,0.0,61.0,0.0,1.03,1.03,14000.0,고졸,이적,4.0,19.0
2020,키움,이보근,RP,우투,FA 1년차,A,2019,33.0,19.0,0.0,19.0,0.0,2.0,0.0,1.0,3.0,0.0,16.2,18.0,29.0,3.0,2.0,1.0,4.0,0.0,12.0,0.0,9.72,3.47,0.0,16.2,0.0,-0.5,-0.5,20000.0,고졸,잔류,0.0,0.0
2018,두산,이용찬,CP,우투,신규,A,2017,28.0,68.0,0.0,68.0,5.0,5.0,22.0,2.0,2.0,0.0,71.2,35.0,83.0,16.0,1.0,5.0,27.0,4.0,57.0,3.0,4.4,4.35,0.0,71.2,0.0,1.35,1.35,18000.0,고졸,잔류,0.0,0.0
2019,두산,이용찬,SP,우투,신규,A,2018,29.0,25.0,24.0,1.0,15.0,3.0,0.0,0.0,0.0,0.0,144.0,58.0,151.0,24.0,1.0,14.0,36.0,8.0,102.0,6.0,3.63,4.68,142.0,2.0,5.14,0.14,5.27,23500.0,고졸,잔류,0.0,0.0
2020,두산,이용찬,SP,우투,신규,A,2019,30.0,26.0,26.0,0.0,7.0,10.0,0.0,0.0,0.0,0.0,148.1,67.0,168.0,28.0,2.0,15.0,45.0,6.0,102.0,3.0,4.07,4.34,148.1,0.0,2.75,0.0,2.75,39000.0,고졸,잔류,0.0,0.0
2021,두산,이용찬,SP,우투,신규,A,2020,31.0,5.0,5.0,0.0,1.0,3.0,0.0,0.0,0.0,0.0,26.2,25.0,41.0,8.0,0.0,7.0,6.0,0.0,15.0,1.0,8.44,6.41,26.2,0.0,-0.17,0.0,-0.17,42000.0,고졸,이적,3.0,10.0
2022,NC,이용찬,CP,우투,FA 1년차,A,2021,32.0,39.0,0.0,39.0,1.0,3.0,16.0,4.0,3.0,0.0,37.0,9.0,27.0,4.0,0.0,2.0,11.0,1.0,35.0,2.0,2.19,2.97,0.0,37.0,0.0,1.41,1.41,10000.0,고졸,잔류,0.0,0.0
2012,SSG,이재영,RP,우투,신규,A,2011,32.0,21.0,0.0,21.0,2.0,0.0,0.0,0.0,2.0,0.0,29.0,9.0,19.0,2.0,0.0,3.0,8.0,0.0,15.0,0.0,2.79,4.42,0.0,29.0,0.0,0.97,0.97,10000.0,대졸,잔류,0.0,0.0
2013,SSG,이재영,RP,우투,신규,A,2012,33.0,48.0,0.0,48.0,6.0,3.0,1.0,2.0,10.0,0.0,65.0,31.0,65.0,14.0,0.0,6.0,35.0,5.0,46.0,3.0,4.29,4.44,0.0,65.0,0.0,0.56,0.56,10000.0,대졸,잔류,0.0,0.0
2014,SSG,이재영,RP,우투,신규,A,2013,34.0,44.0,0.0,44.0,2.0,4.0,0.0,1.0,3.0,0.0,43.2,27.0,39.0,6.0,0.0,5.0,24.0,5.0,35.0,2.0,5.56,5.22,0.0,43.2,0.0,-0.22,-0.22,12000.0,대졸,잔류,0.0,0.0
2015,SSG,이재영,RP,우투,신규,A,2014,35.0,38.0,0.0,38.0,1.0,0.0,0.0,0.0,4.0,1.0,48.0,33.0,45.0,11.0,1.0,7.0,28.0,0.0,42.0,5.0,6.19,5.61,0.0,48.0,0.0,0.27,0.27,12000.0,대졸,잔류,2.0,5.5
2016,SSG,이재영,RP,우투,FA 1년차,A,2015,36.0,26.0,0.0,26.0,1.0,0.0,0.0,0.0,1.0,0.0,31.0,16.0,36.0,12.0,1.0,4.0,13.0,3.0,26.0,1.0,4.65,5.13,0.0,31.0,0.0,0.55,0.55,15000.0,대졸,잔류,0.0,0.0
2020,NC,이재학,SP,우사,신규,B,2019,29.0,24.0,23.0,1.0,10.0,4.0,0.0,0.0,0.0,0.0,129.2,54.0,133.0,24.0,2.0,6.0,43.0,9.0,91.0,6.0,3.75,3.85,127.2,2.0,3.2,0.03,3.23,24500.0,고졸,잔류,0.0,0.0
2021,NC,이재학,SP,우사,신규,B,2020,30.0,19.0,19.0,0.0,5.0,6.0,0.0,0.0,0.0,0.0,90.2,66.0,105.0,21.0,1.0,14.0,43.0,5.0,61.0,4.0,6.55,5.79,90.2,0.0,1.01,0.0,1.01,27500.0,고졸,잔류,0.0,0.0
2022,NC,이재학,SP,우사,신규,B,2021,31.0,17.0,17.0,0.0,6.0,6.0,0.0,0.0,0.0,0.0,83.0,48.0,74.0,16.0,1.0,14.0,52.0,6.0,65.0,3.0,5.2,5.84,83.0,0.0,1.65,0.0,1.65,20000.0,고졸,잔류,0.0,0.0
2023,NC,이재학,SP,우사,신규,B,2022,32.0,26.0,17.0,9.0,3.0,8.0,0.0,0.0,0.0,0.0,91.0,48.0,75.0,14.0,2.0,5.0,54.0,8.0,72.0,6.0,4.75,4.57,73.2,17.1,1.34,-0.29,1.05,18000.0,고졸,잔류,3.0,9.0
2024,NC,이재학,SP,우사,FA 1년차,B,2023,33.0,15.0,13.0,2.0,5.0,5.0,0.0,0.0,0.0,0.0,67.1,34.0,55.0,5.0,2.0,6.0,33.0,5.0,43.0,7.0,4.54,5.06,64.1,3.0,1.05,0.21,1.26,20000.0,고졸,잔류,0.0,0.0
2010,롯데,이정훈,RP,우투,신규,A,2009,32.0,57.0,0.0,57.0,1.0,3.0,8.0,3.0,9.0,0.0,74.1,25.0,77.0,19.0,1.0,5.0,28.0,8.0,50.0,4.0,3.03,4.06,0.0,74.1,0.0,2.94,2.94,3600.0,고졸,잔류,0.0,0.0
2011,롯데,이정훈,RP,우투,신규,A,2010,33.0,43.0,0.0,43.0,3.0,9.0,1.0,2.0,5.0,0.0,46.0,35.0,56.0,15.0,2.0,4.0,19.0,4.0,27.0,3.0,6.85,4.52,0.0,46.0,0.0,-0.15,-0.15,7200.0,고졸,잔류,0.0,0.0
2012,키움,이정훈,RP,우투,신규,A,2011,34.0,44.0,0.0,44.0,3.0,3.0,1.0,3.0,7.0,0.0,52.1,22.0,50.0,11.0,1.0,1.0,19.0,6.0,31.0,6.0,3.78,3.67,0.0,52.1,0.0,1.02,1.02,7200.0,고졸,잔류,0.0,0.0
2013,키움,이정훈,RP,우투,신규,A,2012,35.0,40.0,0.0,40.0,4.0,4.0,1.0,0.0,8.0,0.0,44.1,23.0,45.0,10.0,3.0,2.0,17.0,5.0,32.0,3.0,4.67,3.76,0.0,44.1,0.0,-0.1,-0.1,8200.0,고졸,잔류,2.0,5.0
2014,키움,이정훈,RP,우투,FA 1년차,A,2013,36.0,56.0,0.0,56.0,5.0,2.0,1.0,2.0,11.0,1.0,69.0,23.0,69.0,12.0,3.0,5.0,24.0,2.0,29.0,1.0,3.0,4.78,0.0,69.0,0.0,1.41,1.41,10000.0,고졸,잔류,0.0,0.0
2020,한화,이태양,RP,우투,신규,C,2019,29.0,55.0,1.0,54.0,1.0,6.0,0.0,5.0,10.0,0.0,66.2,43.0,74.0,11.0,2.0,8.0,13.0,3.0,64.0,4.0,5.81,3.58,5.0,61.2,-0.11,-0.56,-0.68,15000.0,고졸,잔류,0.0,0.0
2021,SSG,이태양,RP,우투,신규,C,2020,30.0,53.0,0.0,53.0,2.0,1.0,0.0,0.0,4.0,0.0,55.3,34.0,68.0,12.0,1.0,8.0,16.0,1.0,45.0,3.0,5.46,4.57,0.0,55.3,0.0,0.47,0.47,14000.0,고졸,잔류,0.0,0.0
2022,SSG,이태양,RP,우투,신규,C,2021,31.0,40.0,14.0,26.0,5.0,10.0,0.0,0.0,4.0,0.0,103.2,66.0,123.0,23.0,1.0,25.0,32.0,1.0,62.0,2.0,5.73,6.1,76.2,27.0,0.85,-0.1,0.75,10000.0,고졸,잔류,0.0,0.0
2023,SSG,이태양,SP,우투,신규,C,2022,32.0,30.0,17.0,13.0,8.0,3.0,0.0,0.0,1.0,0.0,112.0,45.0,116.0,18.0,0.0,15.0,24.0,5.0,61.0,0.0,3.62,4.76,92.0,20.0,2.22,0.55,2.77,12000.0,고졸,이적,4.0,25.0
2024,한화,이태양,RP,우투,FA 1년차,C,2023,33.0,50.0,12.0,38.0,3.0,3.0,0.0,0.0,2.0,0.0,100.1,36.0,100.0,25.0,6.0,7.0,21.0,3.0,72.0,1.0,3.23,3.6,50.1,50.0,0.83,0.95,1.78,66000.0,고졸,잔류,0.0,0.0
2015,두산,이현승,RP,좌투,신규,A,2014,31.0,65.0,3.0,62.0,3.0,3.0,0.0,1.0,15.0,0.0,55.0,31.0,68.0,12.0,2.0,2.0,23.0,3.0,39.0,4.0,5.07,4.32,11.1,43.2,0.36,0.17,0.53,11000.0,대졸,잔류,0.0,0.0
2016,두산,이현승,CP,좌투,신규,A,2015,32.0,41.0,0.0,41.0,3.0,1.0,18.0,6.0,2.0,1.0,46.2,15.0,45.0,9.0,0.0,3.0,10.0,2.0,41.0,2.0,2.89,3.33,0.0,46.2,0.0,0.93,0.93,15500.0,대졸,잔류,0.0,0.0
2017,두산,이현승,CP,좌투,신규,A,2016,33.0,56.0,0.0,56.0,1.0,4.0,25.0,7.0,1.0,0.0,57.2,31.0,65.0,10.0,2.0,8.0,17.0,7.0,41.0,2.0,4.84,5.3,0.0,57.2,0.0,-0.03,-0.03,40000.0,대졸,잔류,3.0,27.0
2018,두산,이현승,CP,좌투,FA 1년차,A,2017,34.0,57.0,0.0,57.0,3.0,2.0,5.0,7.0,9.0,0.0,52.0,23.0,62.0,9.0,2.0,4.0,16.0,4.0,38.0,0.0,3.98,4.37,0.0,52.0,0.0,0.74,0.74,40000.0,대졸,잔류,0.0,0.0
2021,LG,임찬규,SP,우투,자격유지,B,2020,28.0,27.0,26.0,1.0,10.0,9.0,0.0,0.0,0.0,0.0,147.2,67.0,143.0,29.0,2.0,14.0,65.0,5.0,138.0,4.0,4.08,4.26,142.0,5.2,2.83,0.33,3.16,13500.0,23년 B등급,잔류,0.0,0.0
2022,LG,임찬규,SP,우투,자격유지,B,2021,29.0,17.0,17.0,0.0,1.0,8.0,0.0,0.0,0.0,0.0,90.2,39.0,76.0,9.0,3.0,7.0,41.0,3.0,67.0,5.0,3.87,4.31,90.2,0.0,1.88,0.0,1.88,22000.0,23년 B등급,잔류,0.0,0.0
2023,LG,임찬규,SP,우투,자격유지,B,2022,30.0,23.0,23.0,0.0,6.0,11.0,0.0,0.0,0.0,0.0,103.2,58.0,113.0,13.0,3.0,10.0,39.0,7.0,75.0,3.0,5.04,4.5,103.2,0.0,1.16,0.0,1.16,20000.0,23년 B등급,잔류,0.0,0.0
2024,LG,임찬규,SP,우투,자격유지,B,2023,31.0,30.0,26.0,4.0,14.0,3.0,0.0,0.0,1.0,0.0,144.2,55.0,142.0,22.0,2.0,10.0,54.0,5.0,103.0,1.0,3.42,4.16,136.2,8.0,3.58,0.2,3.78,17000.0,23년 B등급,잔류,4.0,50.0
2025,LG,임찬규,SP,우투,FA 1년차,B,2024,32.0,25.0,24.0,1.0,10.0,6.0,0.0,0.0,1.0,0.0,134.0,57.0,144.0,29.0,1.0,12.0,42.0,5.0,136.0,1.0,3.83,3.79,133.0,1.0,4.39,0.07,4.46,20000.0,23년 B등급,잔류,0.0,0.0
2021,NC,임창민,RP,우투,자격유지,C,2020,35.0,44.0,0.0,44.0,7.0,2.0,0.0,1.0,11.0,1.0,37.2,22.0,39.0,10.0,1.0,4.0,23.0,2.0,44.0,3.0,5.26,4.31,0.0,37.2,0.0,-0.06,-0.06,16000.0,신규 35세 23년 C등급,잔류,0.0,0.0
2022,NC,임창민,RP,우투,자격유지,C,2021,36.0,46.0,0.0,46.0,0.0,3.0,0.0,3.0,17.0,0.0,40.1,17.0,35.0,8.0,0.0,2.0,20.0,4.0,29.0,7.0,3.79,4.33,0.0,40.1,0.0,0.46,0.46,14000.0,신규 35세 23년 C등급,잔류,0.0,0.0
2023,두산,임창민,RP,우투,자격유지,C,2022,37.0,32.0,0.0,32.0,0.0,0.0,2.0,3.0,6.0,2.0,27.1,12.0,26.0,1.0,0.0,3.0,10.0,3.0,21.0,1.0,3.95,4.64,0.0,27.1,0.0,-0.39,-0.39,12000.0,신규 35세 23년 C등급,잔류,0.0,0.0
2024,키움,임창민,CP,우투,자격유지,C,2023,38.0,51.0,0.0,51.0,2.0,2.0,26.0,4.0,1.0,0.0,46.2,13.0,51.0,6.0,0.0,3.0,17.0,2.0,40.0,0.0,2.51,3.6,0.0,46.2,0.0,1.28,1.28,10000.0,신규 35세 23년 C등급,이적,2.0,8.0
2025,삼성,임창민,RP,우투,FA 1년차,C,2024,39.0,60.0,0.0,60.0,2.0,1.0,1.0,3.0,28.0,1.0,54.1,24.0,60.0,10.0,0.0,4.0,30.0,2.0,50.0,5.0,3.98,4.49,0.0,54.1,0.0,1.97,1.97,20000.0,신규 35세 23년 C등급,잔류,0.0,0.0
2021,한화,장민재,RP,우투,신규,C,2020,30.0,24.0,10.0,14.0,2.0,7.0,0.0,0.0,0.0,0.0,57.1,43.0,86.0,19.0,2.0,5.0,13.0,2.0,32.0,1.0,6.75,4.45,43.0,14.1,-0.34,0.41,0.07,11000.0,고졸,잔류,0.0,0.0
2022,한화,장민재,SP,우투,신규,C,2021,31.0,12.0,6.0,6.0,0.0,2.0,0.0,0.0,0.0,0.0,29.1,9.0,34.0,7.0,0.0,4.0,8.0,0.0,13.0,1.0,2.76,5.13,23.2,5.2,0.65,-0.18,0.47,10000.0,고졸,잔류,0.0,0.0
2023,한화,장민재,SP,우투,신규,C,2022,32.0,32.0,25.0,7.0,7.0,8.0,0.0,0.0,0.0,1.0,126.2,50.0,124.0,18.0,2.0,15.0,39.0,4.0,75.0,3.0,3.55,4.74,120.1,6.1,3.27,0.06,3.33,7600.0,고졸,잔류,0.0,0.0
2024,한화,장민재,SP,우투,신규,C,2023,33.0,25.0,13.0,12.0,3.0,8.0,0.0,0.0,1.0,0.0,69.0,37.0,79.0,13.0,2.0,12.0,22.0,5.0,61.0,5.0,4.83,4.83,57.0,12.0,-0.05,0.15,0.11,11500.0,고졸,잔류,3.0,8.0
2025,한화,장민재,RP,우투,FA 1년차,C,2024,34.0,26.0,0.0,26.0,1.0,1.0,0.0,0.0,0.0,1.0,29.0,10.0,46.0,7.0,0.0,2.0,7.0,1.0,17.0,5.0,3.1,4.41,0.0,29.0,0.0,0.74,0.74,15000.0,고졸,잔류,0.0,0.0
2020,롯데,장시환,SP,우투,신규,C,2019,32.0,27.0,27.0,0.0,6.0,13.0,0.0,0.0,0.0,0.0,125.1,69.0,147.0,29.0,1.0,12.0,58.0,2.0,109.0,17.0,4.95,4.23,125.1,0.0,1.54,0.0,1.54,8500.0,35세 이상,잔류,0.0,0.0
2021,한화,장시환,SP,우투,신규,C,2020,33.0,26.0,26.0,0.0,4.0,14.0,0.0,0.0,0.0,0.0,132.2,74.0,139.0,27.0,1.0,15.0,74.0,8.0,115.0,10.0,5.02,5.09,132.2,0.0,1.87,0.0,1.87,11000.0,35세 이상,잔류,0.0,0.0
2022,한화,장시환,SP,우투,신규,C,2021,34.0,19.0,16.0,3.0,0.0,11.0,0.0,0.0,1.0,0.0,69.0,54.0,87.0,12.0,1.0,4.0,48.0,6.0,47.0,7.0,7.04,5.18,67.0,2.0,-0.23,-0.12,-0.36,15400.0,35세 이상,잔류,0.0,0.0
2023,한화,장시환,CP,우투,신규,C,2022,35.0,64.0,0.0,64.0,0.0,5.0,14.0,5.0,9.0,0.0,63.2,31.0,57.0,14.0,2.0,4.0,33.0,1.0,67.0,2.0,4.38,3.41,0.0,63.2,0.0,0.49,0.49,21000.0,35세 이상,잔류,3.0,9.3
2024,한화,장시환,RP,우투,FA 1년차,C,2023,36.0,38.0,0.0,38.0,2.0,2.0,1.0,4.0,7.0,0.0,34.2,13.0,32.0,4.0,0.0,1.0,21.0,4.0,24.0,3.0,3.38,4.61,0.0,34.2,0.0,0.65,0.65,28000.0,35세 이상,잔류,0.0,0.0
2011,삼성,장원삼,SP,좌투,신규,A,2010,27.0,29.0,28.0,1.0,13.0,5.0,0.0,0.0,0.0,0.0,151.0,58.0,139.0,27.0,3.0,13.0,44.0,5.0,115.0,3.0,3.46,3.84,149.1,1.2,4.47,0.09,4.56,17000.0,대졸,잔류,0.0,0.0
2012,삼성,장원삼,SP,좌투,신규,A,2011,28.0,25.0,21.0,4.0,8.0,8.0,0.0,0.0,0.0,0.0,115.0,53.0,139.0,20.0,1.0,13.0,37.0,0.0,68.0,1.0,4.15,4.49,109.0,6.0,1.79,-0.08,1.72,22500.0,대졸,잔류,0.0,0.0
2013,삼성,장원삼,SP,좌투,신규,A,2012,29.0,27.0,25.0,2.0,17.0,6.0,0.0,0.0,1.0,0.0,157.0,62.0,143.0,21.0,4.0,9.0,38.0,9.0,127.0,2.0,3.55,3.05,155.1,1.2,3.22,0.09,3.31,22500.0,대졸,잔류,0.0,0.0
2014,삼성,장원삼,SP,좌투,신규,A,2013,30.0,27.0,26.0,1.0,13.0,10.0,1.0,0.0,0.0,0.0,154.0,75.0,165.0,17.0,3.0,21.0,42.0,9.0,104.0,6.0,4.38,4.76,150.0,4.0,1.99,0.01,2.0,40000.0,대졸,잔류,4.0,60.0
2015,삼성,장원삼,SP,좌투,FA 1년차,A,2014,31.0,24.0,24.0,0.0,11.0,5.0,0.0,0.0,0.0,0.0,129.1,59.0,149.0,33.0,2.0,16.0,37.0,5.0,63.0,6.0,4.11,5.52,129.1,0.0,3.24,0.0,3.24,75000.0,대졸,잔류,0.0,0.0
2012,롯데,장원준,SP,좌투,신규,A,2011,26.0,29.0,28.0,1.0,15.0,6.0,0.0,0.0,0.0,0.0,180.2,63.0,195.0,36.0,1.0,7.0,62.0,9.0,129.0,3.0,3.14,3.48,173.1,7.1,4.97,0.4,5.38,20000.0,고졸,잔류,0.0,0.0
2015,롯데,장원준,SP,좌투,신규,A,2014,29.0,27.0,27.0,0.0,10.0,9.0,0.0,0.0,0.0,0.0,155.0,79.0,160.0,27.0,6.0,15.0,67.0,3.0,107.0,9.0,4.59,5.08,155.0,0.0,4.68,0.0,4.68,32000.0,고졸,이적,4.0,84.0
2016,두산,장원준,SP,좌투,FA 1년차,A,2015,30.0,30.0,30.0,0.0,12.0,12.0,0.0,0.0,0.0,0.0,169.2,77.0,182.0,35.0,2.0,13.0,68.0,14.0,128.0,2.0,4.08,4.62,169.2,0.0,3.94,0.0,3.94,100000.0,고졸,잔류,0.0,0.0
2013,SSG,정우람,CP,좌투,신규,A,2012,27.0,53.0,0.0,53.0,2.0,4.0,30.0,5.0,0.0,0.0,49.0,12.0,33.0,6.0,1.0,0.0,9.0,4.0,55.0,1.0,2.2,1.38,0.0,49.0,0.0,1.78,1.78,28000.0,고졸,잔류,0.0,0.0
2016,SSG,정우람,CP,좌투,신규,A,2015,30.0,69.0,0.0,69.0,7.0,5.0,16.0,5.0,11.0,0.0,70.0,25.0,52.0,12.0,0.0,3.0,28.0,1.0,90.0,3.0,3.21,2.58,0.0,70.0,0.0,2.15,2.15,40000.0,고졸,이적,4.0,84.0
2017,한화,정우람,CP,좌투,FA 1년차,A,2016,31.0,61.0,0.0,61.0,8.0,5.0,16.0,7.0,1.0,0.0,81.0,30.0,64.0,14.0,1.0,7.0,26.0,4.0,85.0,5.0,3.33,3.64,0.0,81.0,0.0,2.74,2.74,120000.0,고졸,잔류,0.0,0.0
2018,한화,정우람,CP,좌투,재자격,A,2017,32.0,56.0,0.0,56.0,6.0,4.0,26.0,5.0,0.0,0.0,59.0,18.0,47.0,10.0,0.0,5.0,19.0,4.0,78.0,5.0,2.75,3.01,0.0,59.0,0.0,2.1,2.1,120000.0,고졸,잔류,0.0,0.0
2019,한화,정우람,CP,좌투,재자격,A,2018,33.0,55.0,0.0,55.0,5.0,3.0,35.0,4.0,0.0,0.0,53.0,20.0,49.0,9.0,0.0,6.0,12.0,2.0,56.0,1.0,3.4,3.81,0.0,53.0,0.0,1.64,1.64,120000.0,고졸,잔류,0.0,0.0
2020,한화,정우람,CP,좌투,재자격,A,2019,34.0,57.0,0.0,57.0,4.0,3.0,26.0,4.0,0.0,0.0,58.1,10.0,57.0,8.0,0.0,4.0,16.0,1.0,48.0,2.0,1.54,3.42,0.0,58.1,0.0,2.82,2.82,80000.0,고졸,잔류,4.0,39.0
2021,한화,정우람,CP,좌투,FA 1년차,A,2020,35.0,50.0,0.0,50.0,3.0,5.0,16.0,3.0,0.0,0.0,54.1,29.0,58.0,11.0,1.0,4.0,12.0,5.0,53.0,2.0,4.8,3.35,0.0,54.1,0.0,0.95,0.95,80000.0,고졸,잔류,0.0,0.0
2020,LG,정찬헌,CP,우투,신규,B,2019,29.0,13.0,0.0,13.0,1.0,1.0,6.0,1.0,0.0,1.0,11.0,2.0,11.0,4.0,0.0,0.0,6.0,0.0,11.0,0.0,1.64,3.0,0.0,11.0,0.0,-0.07,-0.07,17000.0,고졸,잔류,0.0,0.0
2021,LG,정찬헌,SP,우투,신규,B,2020,30.0,19.0,19.0,0.0,7.0,4.0,0.0,0.0,0.0,0.0,110.1,43.0,116.0,22.0,1.0,10.0,31.0,4.0,85.0,5.0,3.51,4.13,110.1,0.0,3.38,0.0,3.38,13000.0,고졸,잔류,0.0,0.0
2022,키움,정찬헌,SP,우투,신규,B,2021,31.0,23.0,23.0,0.0,9.0,5.0,0.0,0.0,0.0,0.0,114.1,51.0,133.0,23.0,2.0,6.0,27.0,6.0,59.0,3.0,4.01,3.99,114.1,0.0,1.17,0.0,1.17,20000.0,고졸,잔류,0.0,0.0
2023,키움,정찬헌,SP,우투,신규,B,2022,32.0,20.0,20.0,0.0,5.0,6.0,0.0,0.0,0.0,0.0,87.1,52.0,106.0,21.0,0.0,13.0,28.0,6.0,42.0,3.0,5.36,5.56,87.1,0.0,0.58,0.0,0.58,28000.0,고졸,잔류,2.0,8.6
2024,키움,정찬헌,SP,우투,FA 1년차,B,2023,33.0,14.0,14.0,0.0,2.0,8.0,0.0,0.0,0.0,0.0,72.0,38.0,71.0,12.0,3.0,4.0,13.0,2.0,35.0,0.0,4.75,3.9,72.0,0.0,0.95,0.0,0.95,10000.0,고졸,잔류,0.0,0.0
2010,삼성,정현욱,RP,우투,신규,A,2009,31.0,62.0,0.0,62.0,8.0,5.0,6.0,0.0,16.0,0.0,79.0,30.0,77.0,11.0,2.0,8.0,36.0,2.0,66.0,9.0,3.42,4.22,0.0,79.0,0.0,2.58,2.58,13000.0,고졸,잔류,0.0,0.0
2011,삼성,정현욱,CP,우투,신규,A,2010,32.0,61.0,0.0,61.0,9.0,1.0,12.0,0.0,11.0,0.0,70.1,25.0,66.0,11.0,3.0,3.0,26.0,4.0,61.0,4.0,3.2,3.4,0.0,70.1,0.0,2.02,2.02,17000.0,고졸,잔류,0.0,0.0
2012,삼성,정현욱,RP,우투,신규,A,2011,33.0,59.0,0.0,59.0,4.0,3.0,1.0,0.0,24.0,0.0,72.1,19.0,70.0,6.0,0.0,4.0,30.0,4.0,52.0,3.0,2.36,3.94,0.0,72.1,0.0,2.61,2.61,21000.0,고졸,잔류,0.0,0.0
2013,삼성,정현욱,RP,우투,신규,A,2012,34.0,54.0,1.0,53.0,2.0,5.0,0.0,0.0,3.0,0.0,62.2,22.0,57.0,12.0,1.0,1.0,21.0,0.0,48.0,3.0,3.16,2.75,4.2,58.0,0.19,1.12,1.32,25000.0,고졸,이적,4.0,28.6
2014,LG,정현욱,RP,우투,FA 1년차,A,2013,35.0,54.0,0.0,54.0,2.0,5.0,2.0,3.0,16.0,0.0,47.2,20.0,55.0,9.0,0.0,4.0,25.0,1.0,31.0,3.0,3.78,4.67,0.0,47.2,0.0,0.48,0.48,40000.0,고졸,잔류,0.0,0.0
2021,KT,주권,RP,우투,신규,A,2020,25.0,77.0,0.0,77.0,6.0,2.0,0.0,6.0,31.0,0.0,70.0,21.0,54.0,11.0,0.0,6.0,32.0,1.0,37.0,0.0,2.7,5.11,0.0,70.0,0.0,2.41,2.41,15000.0,고졸,잔류,0.0,0.0
2022,KT,주권,RP,우투,신규,A,2021,26.0,62.0,0.0,62.0,3.0,4.0,0.0,4.0,27.0,0.0,49.0,18.0,48.0,7.0,1.0,3.0,19.0,1.0,19.0,1.0,3.31,4.66,0.0,49.0,0.0,1.59,1.59,25000.0,고졸,잔류,0.0,0.0
2023,KT,주권,RP,우투,신규,A,2022,27.0,58.0,0.0,58.0,3.0,3.0,1.0,1.0,15.0,0.0,50.2,22.0,58.0,7.0,1.0,3.0,8.0,0.0,31.0,0.0,3.91,3.45,0.0,50.2,0.0,1.37,1.37,29500.0,고졸,잔류,0.0,0.0
2024,KT,주권,RP,우투,신규,A,2023,28.0,42.0,3.0,39.0,1.0,2.0,0.0,0.0,5.0,0.0,47.0,23.0,49.0,7.0,1.0,4.0,19.0,2.0,17.0,0.0,4.4,5.28,6.1,40.2,-0.26,0.67,0.41,29500.0,고졸,잔류,4.0,16.0
2025,KT,주권,CP,우투,FA 1년차,A,2024,29.0,48.0,1.0,47.0,1.0,1.0,0.0,2.0,0.0,0.0,58.0,43.0,78.0,14.0,2.0,7.0,11.0,3.0,31.0,0.0,6.67,5.05,2.2,55.1,-0.16,-0.03,-0.18,20000.0,고졸,잔류,0.0,0.0
2017,LG,진해수,RP,좌투,신규,A,2016,30.0,75.0,0.0,75.0,0.0,4.0,1.0,2.0,17.0,2.0,54.0,28.0,57.0,10.0,1.0,5.0,37.0,2.0,54.0,1.0,4.67,4.91,0.0,54.0,0.0,0.18,0.18,9500.0,고졸,잔류,0.0,0.0
2018,LG,진해수,RP,좌투,신규,A,2017,31.0,75.0,0.0,75.0,3.0,3.0,1.0,4.0,24.0,0.0,52.2,23.0,52.0,11.0,2.0,6.0,15.0,2.0,48.0,1.0,3.93,4.23,0.0,52.2,0.0,1.06,1.06,11000.0,고졸,잔류,0.0,0.0
2019,LG,진해수,RP,좌투,신규,A,2018,32.0,66.0,0.0,66.0,2.0,3.0,0.0,2.0,14.0,1.0,43.2,35.0,63.0,6.0,1.0,7.0,13.0,4.0,37.0,1.0,7.21,5.2,0.0,43.2,0.0,-0.33,-0.33,19000.0,고졸,잔류,0.0,0.0
2020,LG,진해수,RP,좌투,신규,A,2019,33.0,72.0,0.0,72.0,3.0,1.0,0.0,2.0,20.0,0.0,42.0,16.0,44.0,3.0,3.0,2.0,16.0,2.0,38.0,0.0,3.43,3.44,0.0,42.0,0.0,0.8,0.8,18000.0,고졸,잔류,3.0,14.0
2021,LG,진해수,RP,좌투,FA 1년차,A,2020,34.0,76.0,0.0,76.0,4.0,2.0,0.0,5.0,22.0,0.0,50.0,24.0,54.0,6.0,0.0,3.0,23.0,4.0,59.0,5.0,4.32,3.31,0.0,50.0,0.0,0.99,0.99,25000.0,고졸,잔류,0.0,0.0
2014,삼성,차우찬,RP,좌투,신규,A,2013,26.0,43.0,12.0,31.0,10.0,7.0,0.0,0.0,3.0,0.0,121.1,44.0,100.0,21.0,1.0,6.0,67.0,6.0,111.0,10.0,3.26,3.94,73.1,48.0,1.93,1.04,2.97,13000.0,고졸,잔류,0.0,0.0
2015,삼성,차우찬,RP,좌투,신규,A,2014,27.0,69.0,0.0,69.0,3.0,4.0,0.0,3.0,21.0,1.0,82.0,51.0,86.0,15.0,5.0,9.0,42.0,2.0,79.0,7.0,5.6,4.74,0.0,82.0,0.0,0.58,0.58,24000.0,고졸,잔류,0.0,0.0
2016,삼성,차우찬,SP,좌투,신규,A,2015,28.0,31.0,29.0,2.0,13.0,7.0,0.0,0.0,1.0,0.0,173.0,92.0,160.0,36.0,1.0,28.0,74.0,5.0,194.0,9.0,4.79,4.63,170.1,2.2,3.26,0.25,3.52,30000.0,고졸,잔류,0.0,0.0
2017,삼성,차우찬,SP,좌투,신규,A,2016,29.0,24.0,24.0,0.0,12.0,6.0,0.0,0.0,0.0,0.0,152.1,80.0,168.0,30.0,2.0,16.0,65.0,8.0,120.0,5.0,4.73,5.01,152.1,0.0,3.76,0.0,3.76,40000.0,고졸,이적,4.0,95.0
2018,LG,차우찬,SP,좌투,FA 1년차,B,2017,30.0,28.0,28.0,0.0,10.0,7.0,0.0,0.0,0.0,0.0,175.2,67.0,171.0,33.0,4.0,20.0,38.0,7.0,157.0,10.0,3.43,4.12,175.2,0.0,5.76,0.0,5.76,100000.0,고졸,잔류,0.0,0.0
2019,LG,차우찬,SP,좌투,재자격,B,2018,31.0,29.0,29.0,0.0,12.0,10.0,0.0,0.0,0.0,0.0,170.0,115.0,177.0,36.0,4.0,27.0,79.0,10.0,136.0,10.0,6.09,5.84,170.0,0.0,1.55,0.0,1.55,100000.0,고졸,잔류,0.0,0.0
2020,LG,차우찬,SP,좌투,재자격,B,2019,32.0,29.0,28.0,1.0,13.0,8.0,0.0,0.0,0.0,0.0,168.1,77.0,181.0,30.0,1.0,16.0,59.0,5.0,124.0,13.0,4.12,4.28,166.1,2.0,2.64,-0.24,2.41,100000.0,고졸,잔류,0.0,0.0
2021,LG,차우찬,SP,좌투,재자격,B,2020,33.0,13.0,13.0,0.0,5.0,5.0,0.0,0.0,0.0,0.0,64.0,38.0,71.0,14.0,1.0,8.0,28.0,2.0,51.0,1.0,5.34,4.94,64.0,0.0,0.56,0.0,0.56,100000.0,고졸,잔류,2.0,20.0
2022,LG,차우찬,SP,좌투,FA 1년차,B,2021,34.0,5.0,5.0,0.0,2.0,1.0,0.0,0.0,0.0,0.0,22.1,13.0,16.0,3.0,0.0,2.0,13.0,3.0,12.0,0.0,5.24,5.71,22.1,0.0,0.33,0.0,0.33,30000.0,고졸,잔류,0.0,0.0
2013,SSG,채병용,SP,우투,신규,A,2012,30.0,14.0,10.0,4.0,3.0,3.0,0.0,0.0,0.0,0.0,62.2,22.0,67.0,17.0,2.0,3.0,22.0,1.0,42.0,1.0,3.16,3.32,59.1,62.2,1.72,-0.15,1.57,18000.0,고졸,잔류,0.0,0.0
2014,SSG,채병용,RP,우투,신규,A,2013,31.0,12.0,2.0,10.0,0.0,3.0,1.0,0.0,0.0,1.0,20.1,18.0,30.0,6.0,0.0,2.0,16.0,3.0,12.0,1.0,7.97,6.24,7.2,12.2,-0.11,0.04,-0.07,16000.0,고졸,잔류,0.0,0.0
2015,SSG,채병용,SP,우투,신규,A,2014,32.0,27.0,24.0,3.0,8.0,12.0,0.0,1.0,0.0,0.0,130.0,92.0,151.0,32.0,2.0,27.0,49.0,8.0,87.0,2.0,6.37,6.41,124.1,5.2,1.57,0.26,1.84,13500.0,고졸,잔류,0.0,0.0
2016,SSG,채병용,RP,우투,신규,A,2015,33.0,33.0,8.0,25.0,4.0,4.0,0.0,0.0,1.0,0.0,83.0,56.0,103.0,17.0,2.0,17.0,27.0,3.0,78.0,4.0,6.07,5.26,33.1,49.2,-0.25,0.58,0.33,22000.0,고졸,잔류,3.0,10.5
2017,SSG,채병용,RP,우투,FA 1년차,A,2016,34.0,68.0,0.0,68.0,6.0,3.0,2.0,1.0,9.0,1.0,83.2,40.0,77.0,14.0,1.0,9.0,29.0,3.0,67.0,2.0,4.3,4.67,0.0,83.2,0.0,2.46,2.46,25000.0,고졸,잔류,0.0,0.0
2020,키움,한현희,RP,우사,신규,A,2019,26.0,61.0,0.0,61.0,7.0,5.0,0.0,3.0,24.0,3.0,58.0,22.0,50.0,10.0,1.0,1.0,20.0,7.0,49.0,2.0,3.41,3.29,0.0,58.0,0.0,1.32,1.32,32000.0,고졸,잔류,0.0,0.0
2021,키움,한현희,SP,우사,신규,A,2020,27.0,25.0,25.0,0.0,7.0,9.0,0.0,0.0,0.0,0.0,135.2,75.0,141.0,20.0,1.0,10.0,37.0,14.0,109.0,3.0,4.98,4.01,135.2,0.0,2.9,0.0,2.9,29000.0,고졸,잔류,0.0,0.0
2022,키움,한현희,SP,우사,신규,A,2021,28.0,18.0,15.0,3.0,6.0,2.0,0.0,0.0,1.0,0.0,85.2,37.0,86.0,20.0,0.0,4.0,30.0,6.0,61.0,3.0,3.89,3.85,81.0,4.2,2.15,0.1,2.24,29000.0,고졸,잔류,0.0,0.0
2023,키움,한현희,SP,우사,신규,A,2022,29.0,21.0,14.0,7.0,6.0,4.0,0.0,0.0,0.0,0.0,77.2,41.0,83.0,20.0,1.0,9.0,24.0,8.0,59.0,2.0,4.75,4.54,69.0,8.2,1.09,0.03,1.12,25000.0,고졸,이적,4.0,40.0
2024,롯데,한현희,RP,우사,FA 1년차,A,2023,30.0,38.0,18.0,20.0,6.0,12.0,0.0,1.0,3.0,2.0,104.0,63.0,123.0,20.0,4.0,11.0,44.0,11.0,74.0,6.0,5.45,4.97,86.1,17.2,1.22,-0.42,0.79,20000.0,고졸,잔류,0.0,0.0
2021,두산,함덕주,CP,좌투,신규,B,2020,25.0,36.0,6.0,30.0,5.0,1.0,10.0,3.0,2.0,1.0,55.1,24.0,55.0,7.0,0.0,2.0,21.0,0.0,55.0,7.0,3.9,3.06,25.1,30.0,0.59,0.45,1.04,21000.0,고졸,잔류,0.0,0.0
2022,LG,함덕주,RP,좌투,신규,B,2021,26.0,16.0,3.0,13.0,1.0,2.0,0.0,0.0,1.0,0.0,21.0,10.0,20.0,2.0,1.0,2.0,13.0,3.0,18.0,2.0,4.29,5.12,8.1,12.2,0.02,0.3,0.32,16500.0,고졸,잔류,0.0,0.0
2023,LG,함덕주,RP,좌투,신규,B,2022,27.0,13.0,0.0,13.0,0.0,0.0,0.0,0.0,0.0,0.0,12.2,3.0,9.0,2.0,0.0,0.0,11.0,1.0,13.0,0.0,2.13,4.16,0.0,12.2,0.0,0.44,0.44,12000.0,고졸,잔류,0.0,0.0
2024,LG,함덕주,RP,좌투,신규,B,2023,28.0,57.0,0.0,57.0,4.0,0.0,4.0,0.0,16.0,2.0,55.2,10.0,32.0,9.0,1.0,1.0,22.0,2.0,59.0,0.0,1.62,2.69,0.0,55.2,0.0,2.67,2.67,10000.0,고졸,잔류,4.0,38.0
2025,LG,함덕주,RP,좌투,FA 1년차,B,2024,29.0,15.0,0.0,15.0,0.0,1.0,0.0,0.0,3.0,0.0,11.2,7.0,13.0,0.0,1.0,2.0,7.0,1.0,8.0,0.0,5.4,6.65,0.0,11.2,0.0,0.32,0.32,20000.0,고졸,잔류,0.0,0.0
2021,두산,홍건희,RP,우투,신규,A,2020,28.0,60.0,0.0,60.0,3.0,4.0,1.0,3.0,8.0,1.0,68.2,38.0,74.0,14.0,3.0,8.0,22.0,5.0,60.0,3.0,4.98,4.41,0.0,68.2,0.0,0.22,0.22,5300.0,고졸,잔류,0.0,0.0
2022,두산,홍건희,RP,우투,신규,A,2021,29.0,65.0,0.0,65.0,6.0,6.0,3.0,5.0,17.0,2.0,74.1,23.0,65.0,11.0,0.0,3.0,27.0,0.0,82.0,7.0,2.78,2.62,0.0,74.1,0.0,2.67,2.67,11000.0,고졸,잔류,0.0,0.0
2023,두산,홍건희,CP,우투,신규,A,2022,30.0,58.0,0.0,58.0,2.0,9.0,18.0,4.0,9.0,0.0,62.0,24.0,58.0,9.0,0.0,5.0,21.0,2.0,60.0,4.0,3.48,3.42,0.0,62.0,0.0,0.49,0.49,25000.0,고졸,잔류,0.0,0.0
2024,두산,홍건희,CP,우투,신규,A,2023,31.0,64.0,0.0,64.0,1.0,5.0,22.0,3.0,5.0,0.0,61.2,21.0,67.0,10.0,3.0,4.0,24.0,0.0,62.0,8.0,3.06,3.21,0.0,61.2,0.0,1.23,1.23,30000.0,고졸,잔류,4.0,24.5
2025,두산,홍건희,CP,우투,FA 1년차,A,2024,32.0,65.0,0.0,65.0,4.0,3.0,9.0,6.0,11.0,0.0,59.1,18.0,55.0,6.0,1.0,5.0,33.0,5.0,45.0,5.0,2.73,5.19,0.0,59.1,0.0,1.59,1.59,30000.0,고졸,잔류,0.0,0.0
2018,SSG,문승원,SP,우투,다년계약,다년계약,2017,28.0,29.0,29.0,0.0,6.0,12.0,0.0,0.0,0.0,0.0,155.1,92.0,181.0,32.0,2.0,25.0,54.0,11.0,86.0,5.0,5.33,6.03,155.1,0.0,2.38,0.0,2.38,4400.0,대졸,잔류,0.0,0.0
2019,SSG,문승원,SP,우투,다년계약,다년계약,2018,29.0,31.0,27.0,4.0,8.0,9.0,1.0,0.0,1.0,0.0,150.2,77.0,180.0,33.0,2.0,24.0,37.0,4.0,122.0,4.0,4.6,5.06,143.1,7.1,3.12,0.25,3.37,9000.0,대졸,잔류,0.0,0.0
2020,SSG,문승원,SP,우투,다년계약,다년계약,2019,30.0,26.0,23.0,3.0,11.0,7.0,0.0,0.0,2.0,0.0,144.0,62.0,130.0,13.0,5.0,23.0,33.0,3.0,99.0,0.0,3.88,4.77,136.0,8.0,3.65,0.39,4.04,9000.0,대졸,잔류,0.0,0.0
2021,SSG,문승원,SP,우투,다년계약,다년계약,2020,31.0,25.0,25.0,0.0,6.0,8.0,0.0,0.0,0.0,0.0,145.2,59.0,136.0,28.0,0.0,13.0,45.0,6.0,117.0,2.0,3.65,4.13,145.2,0.0,4.4,0.0,4.4,25700.0,대졸,잔류,0.0,0.0
2022,SSG,문승원,SP,우투,FA 1년차,다년계약,2021,32.0,9.0,9.0,0.0,2.0,2.0,0.0,0.0,0.0,0.0,50.1,16.0,42.0,14.0,0.0,1.0,18.0,2.0,32.0,1.0,2.86,3.65,50.1,0.0,1.67,0.0,1.67,25700.0,대졸,잔류,5.0,55.0
2018,SSG,박종훈,SP,우투,다년계약,다년계약,2017,26.0,29.0,28.0,1.0,12.0,7.0,0.0,0.0,1.0,0.0,155.1,69.0,145.0,26.0,0.0,16.0,61.0,25.0,107.0,4.0,4.1,5.44,149.1,2.0,4.11,0.14,4.25,10000.0,고졸,잔류,0.0,0.0
2019,SSG,박종훈,SP,우투,다년계약,다년계약,2018,27.0,30.0,30.0,0.0,14.0,8.0,0.0,0.0,0.0,0.0,159.1,74.0,158.0,31.0,3.0,16.0,54.0,20.0,133.0,3.0,4.18,4.89,159.1,0.0,4.85,0.0,4.85,20000.0,고졸,잔류,0.0,0.0
2020,SSG,박종훈,SP,우투,다년계약,다년계약,2019,28.0,28.0,28.0,0.0,8.0,11.0,0.0,0.0,0.0,0.0,144.0,62.0,157.0,29.0,0.0,12.0,59.0,13.0,100.0,1.0,3.88,4.62,144.0,0.0,3.31,0.0,3.31,32000.0,고졸,잔류,0.0,0.0
2021,SSG,박종훈,SP,우투,다년계약,다년계약,2020,29.0,29.0,28.0,1.0,13.0,11.0,0.0,0.0,0.0,0.0,157.1,84.0,146.0,21.0,3.0,14.0,78.0,22.0,134.0,5.0,4.81,4.9,150.2,6.2,2.87,0.39,3.26,29000.0,고졸,잔류,0.0,0.0
2022,SSG,박종훈,SP,우투,FA 1년차,다년계약,2021,30.0,9.0,9.0,0.0,4.0,2.0,0.0,0.0,0.0,0.0,54.1,17.0,40.0,7.0,0.0,2.0,17.0,7.0,41.0,0.0,2.82,3.69,54.1,0.0,2.1,0.0,2.1,32000.0,고졸,잔류,5.0,65.0
2019,롯데,박세웅,SP,우투,다년계약,다년계약,2018,23.0,14.0,12.0,2.0,1.0,5.0,0.0,0.0,0.0,0.0,49.0,54.0,83.0,20.0,2.0,10.0,29.0,4.0,40.0,3.0,9.92,6.82,46.1,2.2,-0.3,-0.01,-0.31,25000.0,고졸,잔류,0.0,0.0
2020,롯데,박세웅,SP,우투,다년계약,다년계약,2019,24.0,12.0,12.0,0.0,3.0,6.0,0.0,0.0,0.0,0.0,60.0,28.0,66.0,12.0,3.0,3.0,23.0,0.0,44.0,4.0,4.2,3.76,60.0,0.0,0.94,0.0,0.94,11000.0,고졸,잔류,0.0,0.0
2021,롯데,박세웅,SP,우투,다년계약,다년계약,2020,25.0,28.0,28.0,0.0,8.0,10.0,0.0,0.0,0.0,0.0,147.1,77.0,177.0,27.0,2.0,20.0,47.0,8.0,108.0,13.0,4.7,4.94,147.1,0.0,2.91,0.0,2.91,11000.0,고졸,잔류,0.0,0.0
2022,롯데,박세웅,SP,우투,다년계약,다년계약,2021,26.0,28.0,28.0,0.0,10.0,9.0,0.0,0.0,0.0,0.0,163.0,72.0,141.0,24.0,0.0,20.0,53.0,10.0,125.0,17.0,3.98,4.51,163.0,0.0,5.06,0.0,5.06,16500.0,고졸,잔류,0.0,0.0
2023,롯데,박세웅,SP,우투,FA 1년차,다년계약,2022,27.0,28.0,28.0,0.0,10.0,11.0,0.0,0.0,0.0,0.0,157.1,68.0,179.0,32.0,4.0,8.0,32.0,8.0,146.0,8.0,3.89,2.84,157.1,0.0,3.31,0.0,3.31,26000.0,고졸,잔류,5.0,90.0
2019,SSG,김광현,SP,좌투,다년계약,다년계약,2018,30.0,25.0,25.0,0.0,11.0,8.0,0.0,0.0,0.0,0.0,136.0,45.0,125.0,16.0,2.0,16.0,30.0,2.0,130.0,3.0,2.98,4.09,136.0,0.0,5.99,0.0,5.99,14000.0,대졸,잔류,0.0,0.0
2020,SSG,김광현,SP,좌투,다년계약,다년계약,2019,31.0,31.0,30.0,1.0,17.0,6.0,0.0,0.0,0.0,0.0,190.1,53.0,198.0,17.0,0.0,13.0,38.0,2.0,180.0,8.0,2.51,2.91,190.0,0.1,7.13,-0.05,7.08,15000.0,대졸,잔류,0.0,0.0
2021,세인트루이스 카디널스,김광현,SP,좌투,해외,해외,2020,31.0,8.0,7.0,1.0,3.0,0.0,1.0,0.0,0.0,0.0,39.0,7.0,28.0,9.0,0.0,3.0,12.0,0.0,24.0,1.0,1.62,3.88,39.0,0.0,0.6,0.0,0.6,400.0,해외,잔류,0.0,0.0
2022,세인트루이스 카디널스,김광현,SP,좌투,해외,해외,2021,32.0,27.0,21.0,6.0,7.0,7.0,1.0,0.0,0.0,0.0,106.2,41.0,98.0,15.0,1.0,12.0,39.0,4.0,80.0,4.0,3.46,4.34,106.2,0.0,1.2,0.0,1.2,400.0,해외계약,잔류,0.0,0.0
2023,SSG,김광현,SP,좌투,FA 1년차,다년계약,2022,34.0,28.0,28.0,0.0,13.0,3.0,0.0,0.0,0.0,0.0,173.1,41.0,141.0,16.0,2.0,10.0,45.0,5.0,153.0,1.0,2.13,3.14,173.1,0.0,7.39,0.0,7.39,81000.0,대졸,잔류,4.0,151.0
2021,토론토 블루제이스,류현진,SP,좌투,해외,해외,2020,33.0,12.0,12.0,0.0,5.0,2.0,0.0,0.0,0.0,0.0,67.0,20.0,60.0,12.0,0.0,8.0,17.0,1.0,72.0,1.0,2.69,3.01,67.0,0.0,1.9,0.0,1.9,740.0,해외계약,잔류,0.0,0.0
2022,토론토 블루제이스,류현진,SP,좌투,해외,해외,2021,34.0,31.0,31.0,0.0,14.0,10.0,0.0,0.0,0.0,0.0,169.0,82.0,170.0,38.0,3.0,24.0,37.0,2.0,143.0,2.0,4.37,4.02,169.0,0.0,2.5,0.0,2.5,2000.0,해외계약,잔류,0.0,0.0
2023,토론토 블루제이스,류현진,SP,좌투,해외,해외,2022,35.0,6.0,6.0,0.0,2.0,0.0,0.0,0.0,0.0,0.0,27.0,17.0,32.0,12.0,0.0,5.0,4.0,0.0,16.0,0.0,5.67,4.78,27.0,0.0,0.1,0.0,0.1,2000.0,해외계약,잔류,0.0,0.0
2024,토론토 블루제이스,류현진,SP,좌투,해외,해외,2023,36.0,11.0,11.0,0.0,3.0,3.0,0.0,0.0,0.0,0.0,52.0,20.0,53.0,12.0,0.0,9.0,14.0,1.0,38.0,1.0,3.46,4.91,52.0,0.0,0.4,0.0,0.1,2000.0,해외계약,잔류,8.0,170.0
2025,한화,류현진,SP,좌투,해외,FA 1년차,2024,37.0,28.0,28.0,0.0,10.0,8.0,0.0,0.0,0.0,0.0,158.1,68.0,182.0,22.0,1.0,12.0,33.0,3.0,135.0,1.0,3.87,3.67,158.1,0.0,4.44,0.0,4.44,250000.0,해외계약,잔류,0.0,0.0
2021,키움,김상수,RP,우투,다년계약,다년계약,2020,32.0,60.0,0.0,60.0,3.0,5.0,5.0,3.0,11.0,1.0,51.1,27.0,52.0,12.0,0.0,3.0,21.0,3.0,48.0,1.0,4.73,3.74,0.0,51.1,0.0,0.48,0.48,30000.0,다년계약,잔류,0.0,0.0
2022,SSG,김상수,RP,우투,다년계약,다년계약,2021,33.0,50.0,0.0,50.0,3.0,6.0,6.0,3.0,5.0,0.0,58.1,33.0,71.0,8.0,0.0,10.0,30.0,1.0,44.0,2.0,5.09,5.46,0.0,58.1,0.0,0.83,0.83,30000.0,다년계약,잔류,0.0,0.0
2023,SSG,김상수,RP,우투,다년계약,다년계약,2022,34.0,8.0,0.0,8.0,0.0,1.0,1.0,0.0,0.0,0.0,8.0,8.0,9.0,2.0,1.0,2.0,4.0,1.0,3.0,0.0,9.0,7.76,0.0,8.0,0.0,-0.17,-0.17,30000.0,다년계약,잔류,0.0,0.0
2024,롯데,김상수,RP,우투,다년계약,다년계약,2023,35.0,67.0,0.0,67.0,2.0,1.0,1.0,3.0,18.0,2.0,52.0,18.0,45.0,7.0,1.0,1.0,21.0,3.0,36.0,1.0,3.12,3.78,0.0,52.0,0.0,1.73,1.73,11000.0,다년계약,잔류,2.0,6.0
2025,롯데,김상수,RP,우투,다년계약,FA 1년차,2024,36.0,74.0,0.0,74.0,4.0,2.0,2.0,3.0,17.0,1.0,73.2,34.0,71.0,11.0,1.0,5.0,26.0,5.0,56.0,6.0,4.15,4.33,0.0,73.2,0.0,1.12,1.12,16000.0,다년계약,잔류,0.0,0.0
2019,KT,고영표,SP,우투,다년계약,다년계약,2018,27.0,25.0,23.0,2.0,6.0,9.0,0.0,0.0,0.0,0.0,142.0,81.0,175.0,27.0,4.0,17.0,25.0,14.0,134.0,2.0,5.13,4.26,139.0,3.0,2.71,0.0,2.71,11500.0,다년계약,잔류,0.0,0.0
2022,KT,고영표,SP,우투,다년계약,다년계약,2021,30.0,26.0,25.0,1.0,11.0,6.0,0.0,0.0,1.0,0.0,166.2,54.0,147.0,20.0,2.0,9.0,27.0,14.0,130.0,1.0,2.92,3.22,163.2,3.0,6.18,0.08,6.26,12000.0,다년계약,잔류,0.0,0.0
2023,KT,고영표,SP,우투,다년계약,다년계약,2022,31.0,28.0,28.0,0.0,13.0,8.0,0.0,0.0,0.0,0.0,182.1,66.0,191.0,31.0,3.0,7.0,23.0,16.0,156.0,1.0,3.26,2.75,182.1,0.0,6.13,0.0,6.13,30000.0,다년계약,잔류,0.0,0.0
2024,KT,고영표,SP,우투,다년계약,다년계약,2023,32.0,28.0,17.0,1.0,12.0,7.0,0.0,0.0,0.0,0.0,174.2,54.0,181.0,27.0,5.0,7.0,19.0,9.0,114.0,6.0,2.78,3.19,174.0,0.2,6.76,0.02,6.77,43000.0,다년계약,잔류,5.0,107.0
2025,KT,고영표,SP,우투,다년계약,FA 1년차,2024,33.0,18.0,17.0,1.0,6.0,8.0,0.0,0.0,0.0,0.0,100.0,55.0,141.0,27.0,4.0,6.0,14.0,11.0,79.0,2.0,4.95,3.71,95.0,5.0,1.62,0.24,1.86,200000.0,다년계약,잔류,0.0,0.0
2019,NC,구창모,SP,좌투,다년계약,다년계약,2018,21.0,36.0,23.0,16.0,5.0,11.0,0.0,0.0,1.0,0.0,133.0,79.0,158.0,31.0,2.0,21.0,52.0,7.0,116.0,16.0,5.35,2.42,106.2,26.1,0.92,1.13,2.05,9000.0,다년계약,잔류,0.0,0.0
2020,NC,구창모,SP,좌투,다년계약,다년계약,2019,22.0,23.0,19.0,4.0,10.0,7.0,0.0,0.0,1.0,0.0,107.0,38.0,85.0,15.0,2.0,10.0,41.0,6.0,114.0,7.0,3.2,3.62,101.0,6.0,3.28,0.3,3.58,12500.0,다년계약,잔류,0.0,0.0
2021,NC,구창모,SP,좌투,다년계약,다년계약,2020,23.0,15.0,14.0,1.0,9.0,0.0,0.0,0.0,1.0,0.0,93.1,18.0,58.0,12.0,0.0,7.0,18.0,0.0,102.0,2.0,1.74,2.75,92.0,1.1,5.25,0.14,5.39,18000.0,다년계약,잔류,0.0,0.0
2023,NC,구창모,SP,좌투,다년계약,다년계약,2022,25.0,19.0,19.0,0.0,11.0,5.0,0.0,0.0,0.0,0.0,111.2,26.0,92.0,16.0,0.0,7.0,29.0,4.0,108.0,7.0,2.1,3.03,111.2,0.0,4.79,0.0,4.79,19000.0,다년계약,잔류,6.0,125.0
2024,NC,구창모,SP,좌투,다년계약,FA 1년차,2023,26.0,11.0,9.0,2.0,1.0,3.0,0.0,0.0,0.0,0.0,51.2,17.0,38.0,3.0,0.0,4.0,16.0,0.0,56.0,0.0,2.96,3.02,47.0,4.2,1.55,0.32,1.87,60000.0,다년계약,잔류,0.0,0.0
2019,SSG,문승원,SP,우투,다년계약,다년계약,2018,29.0,31.0,27.0,4.0,8.0,9.0,1.0,0.0,1.0,0.0,150.2,77.0,180.0,33.0,2.0,24.0,37.0,4.0,122.0,4.0,4.6,5.06,143.1,7.1,3.12,0.25,3.37,9000.0,대졸,잔류,0.0,0.0
2020,SSG,문승원,SP,우투,다년계약,다년계약,2019,30.0,26.0,23.0,3.0,11.0,7.0,0.0,0.0,2.0,0.0,144.0,62.0,130.0,13.0,5.0,23.0,33.0,3.0,99.0,0.0,3.88,4.77,136.0,8.0,3.65,0.39,4.04,9000.0,대졸,잔류,0.0,0.0
2021,SSG,문승원,SP,우투,다년계약,다년계약,2020,31.0,25.0,25.0,0.0,6.0,8.0,0.0,0.0,0.0,0.0,145.2,59.0,136.0,28.0,0.0,13.0,45.0,6.0,117.0,2.0,3.65,4.13,145.2,0.0,4.4,0,4.4,25700.0,대졸,잔류,0.0,0.0
2022,SSG,문승원,SP,우투,다년계약,다년계약,2021,32.0,9.0,9.0,0.0,2.0,2.0,0.0,0.0,0.0,0.0,50.1,16.0,42.0,14.0,0.0,1.0,18.0,2.0,32.0,1.0,2.86,3.65,50.1,0.0,1.67,0,1.67,25700.0,대졸,잔류,5.0,55.0
2023,SSG,문승원,SP,우투,FA 1년차,다년계약,2022,33.0,23.0,0.0,23.0,1.0,1.0,3.0,0.0,3.0,0.0,24.2,14.0,32.0,6.0,0.0,3.0,7.0,2.0,25.0,0.0,5.11,3.83,0.0,24.2,0,-0.01,-0.01,160000.0,대졸,잔류,0.0,0.0
2019,SSG,박종훈,SP,우투,다년계약,다년계약,2018,27.0,30.0,30.0,0.0,14.0,8.0,0.0,0.0,0.0,0.0,159.1,74.0,158.0,31.0,3.0,16.0,54.0,20.0,133.0,3.0,4.18,4.89,159.1,0.0,4.85,0,4.85,20000.0,고졸,잔류,0.0,0.0
2020,SSG,박종훈,SP,우투,다년계약,다년계약,2019,28.0,28.0,28.0,0.0,8.0,11.0,0.0,0.0,0.0,0.0,144.0,62.0,157.0,29.0,0.0,12.0,59.0,13.0,100.0,1.0,3.88,4.62,144.0,0.0,3.31,0,3.31,32000.0,고졸,잔류,0.0,0.0
2021,SSG,박종훈,SP,우투,다년계약,다년계약,2020,29.0,29.0,0.0,0.0,0.0,0.0,157.1,84.0,146.0,21.0,3.0,14.0,78.0,22.0,134.0,5.0,4.81,4.9,150.2,6.2,2.87,0.39,3.26,29000.0,고졸,잔류,0.0,0.0,,,,
2022,SSG,박종훈,SP,우투,FA 1년차,다년계약,2021,30.0,9.0,9.0,0.0,4.0,2.0,0.0,0.0,0.0,0.0,54.1,17.0,40.0,7.0,0.0,2.0,17.0,7.0,41.0,0.0,2.82,3.69,54.1,0.0,2.1,0,2.1,32000.0,고졸,잔류,5.0,65.0
2023,SSG,박종훈,SP,우투,FA 1년차,다년계약,2022,31.0,11.0,11.0,0.0,3.0,5.0,0.0,0.0,0.0,0.0,48.0,32.0,52.0,4.0,1.0,6.0,21.0,8.0,40.0,3.0,6.0,5.06,48.0,0.0,0.15,0,0.15,180000.0,고졸,잔류,0.0,0.0
2020,롯데,박세웅,SP,우투,다년계약,다년계약,2019,24.0,12.0,12.0,0.0,3.0,6.0,0.0,0.0,0.0,0.0,60.0,28.0,66.0,12.0,3.0,3.0,23.0,0.0,44.0,4.0,4.2,3.76,60.0,0.0,0.94,0,0.94,11000.0,고졸,잔류,0.0,0.0
2021,롯데,박세웅,SP,우투,다년계약,다년계약,2020,25.0,28.0,28.0,0.0,8.0,10.0,0.0,0.0,0.0,0.0,147.1,77.0,177.0,27.0,2.0,20.0,47.0,8.0,108.0,13.0,4.7,4.94,147.1,0.0,2.91,0,2.91,11000.0,고졸,잔류,0.0,0.0
2022,롯데,박세웅,SP,우투,다년계약,다년계약,2021,26.0,28.0,28.0,0.0,10.0,9.0,0.0,0.0,0.0,0.0,163.0,72.0,141.0,24.0,0.0,20.0,53.0,10.0,125.0,17.0,3.98,4.51,163.0,0.0,5.06,0,5.06,16500.0,고졸,잔류,0.0,0.0
2023,롯데,박세웅,SP,우투,다년계약,다년계약,2022,27.0,28.0,28.0,0.0,10.0,11.0,0.0,0.0,0.0,0.0,157.1,68.0,179.0,32.0,4.0,8.0,32.0,8.0,146.0,8.0,3.89,2.84,157.1,0.0,3.31,0,3.31,26000.0,고졸,잔류,5.0,90.0
2024,롯데,박세웅,SP,우투,FA 1년차,다년계약,2023,28.0,27.0,27.0,0.0,9.0,7.0,0.0,0.0,0.0,0.0,154.0,59.0,145.0,24.0,0.0,8.0,59.0,59.0,129.0,10.0,3.45,3.62,154.0,0.0,4.21,0,4.21,150000.0,고졸,잔류,0.0,0.0
2019,SSG,김광현,SP,좌투,다년계약,다년계약,2018,30.0,25.0,25.0,0.0,11.0,8.0,0.0,0.0,0.0,0.0,136.0,45.0,125.0,16.0,2.0,16.0,30.0,2.0,130.0,3.0,2.98,4.09,136.0,0.0,5.99,0,5.99,14000.0,대졸,잔류,0.0,0.0
2020,SSG,김광현,SP,좌투,다년계약,다년계약,2019,31.0,31.0,30.0,1.0,17.0,6.0,0.0,0.0,0.0,0.0,190.1,53.0,198.0,17.0,0.0,13.0,38.0,2.0,180.0,8.0,2.51,2.91,190.0,0.1,7.13,-0.05,7.08,15000.0,대졸,잔류,0.0,0.0
2021,세인트루이스 카디널스,김광현,SP,좌투,해외,해외,2020,31.0,8.0,7.0,1.0,3.0,0.0,1.0,0.0,0.0,0.0,39.0,7.0,28.0,9.0,0.0,3.0,12.0,0.0,24.0,1.0,1.62,3.88,39.0,0.0,0.6,0,0.6,400.0,해외,잔류,0.0,0.0
2022,세인트루이스 카디널스,김광현,SP,좌투,해외,해외,2021,32.0,27.0,21.0,6.0,7.0,7.0,1.0,0.0,0.0,0.0,106.2,41.0,98.0,15.0,1.0,12.0,39.0,4.0,80.0,4.0,3.46,4.34,106.2,0.0,1.2,0,1.2,400.0,해외계약,잔류,4.0,151.0
2023,SSG,김광현,SP,좌투,FA 1년차,다년계약,2022,34.0,28.0,28.0,0.0,13.0,3.0,0.0,0.0,0.0,0.0,173.1,41.0,141.0,16.0,2.0,10.0,45.0,5.0,153.0,1.0,2.13,3.14,173.1,0.0,7.39,0,7.39,810000.0,대졸,잔류,0.0,0.0
2021,토론토 블루제이스,류현진,SP,좌투,해외,해외,2020,33.0,12.0,12.0,0.0,5.0,2.0,0.0,0.0,0.0,0.0,67.0,20.0,60.0,12.0,0.0,8.0,17.0,1.0,72.0,1.0,2.69,3.01,67.0,0.0,1.9,0,1.9,740.0,해외계약,잔류,0.0,0.0
2022,토론토 블루제이스,류현진,SP,좌투,해외,해외,2021,34.0,31.0,31.0,0.0,14.0,10.0,0.0,0.0,0.0,0.0,169.0,82.0,170.0,38.0,3.0,24.0,37.0,2.0,143.0,2.0,4.37,4.02,169.0,0.0,2.5,0,2.5,2000.0,해외계약,잔류,0.0,0.0
2023,토론토 블루제이스,류현진,SP,좌투,해외,해외,2022,35.0,6.0,6.0,0.0,2.0,0.0,0.0,0.0,0.0,0.0,27.0,17.0,32.0,12.0,0.0,5.0,4.0,0.0,16.0,0.0,5.67,4.78,27.0,0.0,0.1,0,0.1,2000.0,해외계약,잔류,0.0,0.0
2024,토론토 블루제이스,류현진,SP,좌투,해외,해외,2023,36.0,11.0,11.0,0.0,3.0,3.0,0.0,0.0,0.0,0.0,52.0,20.0,53.0,12.0,0.0,9.0,14.0,1.0,38.0,1.0,3.46,4.91,52.0,0.0,0.4,0,0.1,2000.0,해외계약,잔류,8.0,170.0
2025,한화,류현진,SP,좌투,해외,FA 1년차,2024,37.0,28.0,28.0,0.0,10.0,8.0,0.0,0.0,0.0,0.0,158.1,68.0,182.0,22.0,1.0,12.0,33.0,3.0,135.0,1.0,3.87,3.67,158.1,0.0,4.44,0,4.44,250000.0,해외계약,잔류,0.0,0.0
2021,키움,김상수,RP,우투,다년계약,다년계약,2020,32.0,60.0,0.0,60.0,3.0,5.0,5.0,3.0,11.0,1.0,51.1,27.0,52.0,12.0,0.0,3.0,21.0,3.0,48.0,1.0,4.73,3.74,0.0,51.1,0,0.48,0.48,30000.0,다년계약,잔류,0.0,0.0
2022,SSG,김상수,RP,우투,다년계약,다년계약,2021,33.0,50.0,0.0,50.0,3.0,6.0,6.0,3.0,5.0,0.0,58.1,33.0,71.0,8.0,0.0,10.0,30.0,1.0,44.0,2.0,5.09,5.46,0.0,58.1,0,0.83,0.83,30000.0,다년계약,잔류,0.0,0.0
2023,SSG,김상수,RP,우투,다년계약,다년계약,2022,34.0,8.0,0.0,8.0,0.0,1.0,1.0,0.0,0.0,0.0,8.0,8.0,9.0,2.0,1.0,2.0,4.0,1.0,3.0,0.0,9.0,7.76,0.0,8.0,0,-0.17,-0.17,30000.0,다년계약,잔류,0.0,0.0
2024,롯데,김상수,RP,우투,다년계약,다년계약,2023,35.0,67.0,0.0,67.0,2.0,1.0,1.0,3.0,18.0,2.0,52.0,18.0,45.0,7.0,1.0,1.0,21.0,3.0,36.0,1.0,3.12,3.78,0.0,52.0,0,1.73,1.73,11000.0,다년계약,잔류,2.0,6.0
2025,롯데,김상수,RP,우투,다년계약,FA 1년차,2024,36.0,74.0,0.0,74.0,4.0,2.0,2.0,3.0,17.0,1.0,73.2,34.0,71.0,11.0,1.0,5.0,26.0,5.0,56.0,6.0,4.15,4.33,0.0,73.2,0,1.12,1.12,16000.0,다년계약,잔류,0.0,0.0
2019,KT,고영표,SP,우투,다년계약,다년계약,2018,27.0,25.0,23.0,2.0,6.0,9.0,0.0,0.0,0.0,0.0,142.0,81.0,175.0,27.0,4.0,17.0,25.0,14.0,134.0,2.0,5.13,4.26,139.0,3.0,2.71,0,2.71,11500.0,다년계약,잔류,0.0,0.0
2022,KT,고영표,SP,우투,다년계약,다년계약,2021,30.0,26.0,25.0,1.0,11.0,6.0,0.0,0.0,1.0,0.0,166.2,54.0,147.0,20.0,2.0,9.0,27.0,14.0,130.0,1.0,2.92,3.22,163.2,3.0,6.18,0.08,6.26,12000.0,다년계약,잔류,0.0,0.0
2023,KT,고영표,SP,우투,다년계약,다년계약,2022,31.0,28.0,28.0,0.0,13.0,8.0,0.0,0.0,0.0,0.0,182.1,66.0,191.0,31.0,3.0,7.0,23.0,16.0,156.0,1.0,3.26,2.75,182.1,0.0,6.13,0,6.13,30000.0,다년계약,잔류,0.0,0.0
2024,KT,고영표,SP,우투,다년계약,다년계약,2023,32.0,28.0,17.0,1.0,12.0,7.0,0.0,0.0,0.0,0.0,174.2,54.0,181.0,27.0,5.0,7.0,19.0,9.0,114.0,6.0,2.78,3.19,174.0,0.2,6.76,0.02,6.77,43000.0,다년계약,잔류,5.0,107.0
2025,KT,고영표,SP,우투,다년계약,FA 1년차,2024,33.0,18.0,17.0,1.0,6.0,8.0,0.0,0.0,0.0,0.0,100.0,55.0,141.0,27.0,4.0,6.0,14.0,11.0,79.0,2.0,4.95,3.71,95.0,5.0,1.62,0.24,1.86,200000.0,다년계약,잔류,0.0,0.0
2019,NC,구창모,SP,좌투,다년계약,다년계약,2018,21.0,36.0,23.0,16.0,5.0,11.0,0.0,0.0,1.0,0.0,133.0,79.0,158.0,31.0,2.0,21.0,52.0,7.0,116.0,16.0,5.35,2.42,106.2,26.1,0.92,1.13,2.05,9000.0,다년계약,잔류,0.0,0.0
2020,NC,구창모,SP,좌투,다년계약,다년계약,2019,22.0,23.0,19.0,4.0,10.0,7.0,0.0,0.0,1.0,0.0,107.0,38.0,85.0,15.0,2.0,10.0,41.0,6.0,114.0,7.0,3.2,3.62,101.0,6.0,3.28,0.3,3.58,12500.0,다년계약,잔류,0.0,0.0
2021,NC,구창모,SP,좌투,다년계약,다년계약,2020,23.0,15.0,14.0,1.0,9.0,0.0,0.0,0.0,1.0,0.0,93.1,18.0,58.0,12.0,0.0,7.0,18.0,0.0,102.0,2.0,1.74,2.75,92.0,1.1,5.25,0.14,5.39,18000.0,다년계약,잔류,0.0,0.0
2023,NC,구창모,SP,좌투,다년계약,다년계약,2022,25.0,19.0,19.0,0.0,11.0,5.0,0.0,0.0,0.0,0.0,111.2,26.0,92.0,16.0,0.0,7.0,29.0,4.0,108.0,7.0,2.1,3.03,111.2,0.0,4.79,0,4.79,19000.0,다년계약,잔류,6.0,125.0
2024,NC,구창모,SP,좌투,다년계약,FA 1년차,2023,26.0,11.0,9.0,2.0,1.0,3.0,0.0,0.0,0.0,0.0,51.2,17.0,38.0,3.0,0.0,4.0,16.0,0.0,56.0,0.0,2.96,3.02,47.0,4.2,1.55,0.32,1.87,60000.0,다년계약,잔류,0.0,0.0
2019,SSG,문승원,SP,우투,다년계약,다년계약,2018,29.0,31.0,27.0,4.0,8.0,9.0,1.0,0.0,1.0,0.0,150.2,77.0,180.0,33.0,2.0,24.0,37.0,4.0,122.0,4.0,4.6,5.06,143.1,7.1,3.12,0.25,3.37,9000,대졸,잔류,0.0,0.0
2020,SSG,문승원,SP,우투,다년계약,다년계약,2019,30.0,26.0,23.0,3.0,11.0,7.0,0.0,0.0,2.0,0.0,144.0,62.0,130.0,13.0,5.0,23.0,33.0,3.0,99.0,0.0,3.88,4.77,136.0,8.0,3.65,0.39,4.04,9000,대졸,잔류,0.0,0.0
2021,SSG,문승원,SP,우투,다년계약,다년계약,2020,31.0,25.0,25.0,0.0,6.0,8.0,0.0,0.0,0.0,0.0,145.2,59.0,136.0,28.0,0.0,13.0,45.0,6.0,117.0,2.0,3.65,4.13,145.2,0.0,4.4,0.0,4.4,25700,대졸,잔류,0.0,0.0
2022,SSG,문승원,SP,우투,다년계약,다년계약,2021,32.0,9.0,9.0,0.0,2.0,2.0,0.0,0.0,0.0,0.0,50.1,16.0,42.0,14.0,0.0,1.0,18.0,2.0,32.0,1.0,2.86,3.65,50.1,0.0,1.67,0.0,1.67,25700,대졸,잔류,5.0,55.0
2023,SSG,문승원,SP,우투,FA 1년차,다년계약,2022,33.0,23.0,0.0,23.0,1.0,1.0,3.0,0.0,3.0,0.0,24.2,14.0,32.0,6.0,0.0,3.0,7.0,2.0,25.0,0.0,5.11,3.83,0.0,24.2,0.0,-0.01,-0.01,160000,대졸,잔류,0.0,0.0
2019,SSG,박종훈,SP,우투,다년계약,다년계약,2018,27.0,30.0,30.0,0.0,14.0,8.0,0.0,0.0,0.0,0.0,159.1,74.0,158.0,31.0,3.0,16.0,54.0,20.0,133.0,3.0,4.18,4.89,159.1,0.0,4.85,0.0,4.85,20000,고졸,잔류,0.0,0.0
2020,SSG,박종훈,SP,우투,다년계약,다년계약,2019,28.0,28.0,28.0,0.0,8.0,11.0,0.0,0.0,0.0,0.0,144.0,62.0,157.0,29.0,0.0,12.0,59.0,13.0,100.0,1.0,3.88,4.62,144.0,0.0,3.31,0.0,3.31,32000,고졸,잔류,0.0,0.0
2021,SSG,박종훈,SP,우투,다년계약,다년계약,2020,29.0,29.0,28.0,1.0,13.0,11.0,0.0,0.0,157.1,84.0,146.0,21.0,3.0,14.0,78.0,22.0,134.0,5.0,4.81,4.9,150.2,6.2,2.87,0.39,3.26,29000.0,고졸,잔류,0,0,,
2022,SSG,박종훈,SP,우투,다년계약,다년계약,2021,30.0,9.0,9.0,0.0,4.0,2.0,0.0,0.0,0.0,0.0,54.1,17.0,40.0,7.0,0.0,2.0,17.0,7.0,41.0,0.0,2.82,3.69,54.1,0.0,2.1,0.0,2.1,32000,고졸,잔류,5.0,65.0
2023,SSG,박종훈,SP,우투,FA 1년차,다년계약,2022,31.0,11.0,11.0,0.0,3.0,5.0,0.0,0.0,0.0,0.0,48.0,32.0,52.0,4.0,1.0,6.0,21.0,8.0,40.0,3.0,6.0,5.06,48.0,0.0,0.15,0.0,0.15,180000,고졸,잔류,0.0,0.0
2020,롯데,박세웅,SP,우투,다년계약,다년계약,2019,24.0,12.0,12.0,0.0,3.0,6.0,0.0,0.0,0.0,0.0,60.0,28.0,66.0,12.0,3.0,3.0,23.0,0.0,44.0,4.0,4.2,3.76,60.0,0.0,0.94,0.0,0.94,11000,고졸,잔류,0.0,0.0
2021,롯데,박세웅,SP,우투,다년계약,다년계약,2020,25.0,28.0,28.0,0.0,8.0,10.0,0.0,0.0,0.0,0.0,147.1,77.0,177.0,27.0,2.0,20.0,47.0,8.0,108.0,13.0,4.7,4.94,147.1,0.0,2.91,0.0,2.91,11000,고졸,잔류,0.0,0.0
2022,롯데,박세웅,SP,우투,다년계약,다년계약,2021,26.0,28.0,28.0,0.0,10.0,9.0,0.0,0.0,0.0,0.0,163.0,72.0,141.0,24.0,0.0,20.0,53.0,10.0,125.0,17.0,3.98,4.51,163.0,0.0,5.06,0.0,5.06,16500,고졸,잔류,0.0,0.0
2023,롯데,박세웅,SP,우투,다년계약,다년계약,2022,27.0,28.0,28.0,0.0,10.0,11.0,0.0,0.0,0.0,0.0,157.1,68.0,179.0,32.0,4.0,8.0,32.0,8.0,146.0,8.0,3.89,2.84,157.1,0.0,3.31,0.0,3.31,26000,고졸,잔류,5.0,90.0
2024,롯데,박세웅,SP,우투,FA 1년차,다년계약,2023,28.0,27.0,27.0,0.0,9.0,7.0,0.0,0.0,0.0,0.0,154.0,59.0,145.0,24.0,0.0,8.0,59.0,59.0,129.0,10.0,3.45,3.62,154.0,0.0,4.21,0.0,4.21,150000,고졸,잔류,0.0,0.0
2019,SSG,김광현,SP,좌투,다년계약,다년계약,2018,30.0,25.0,25.0,0.0,11.0,8.0,0.0,0.0,0.0,0.0,136.0,45.0,125.0,16.0,2.0,16.0,30.0,2.0,130.0,3.0,2.98,4.09,136.0,0.0,5.99,0.0,5.99,14000,대졸,잔류,0.0,0.0
2020,SSG,김광현,SP,좌투,다년계약,다년계약,2019,31.0,31.0,30.0,1.0,17.0,6.0,0.0,0.0,0.0,0.0,190.1,53.0,198.0,17.0,0.0,13.0,38.0,2.0,180.0,8.0,2.51,2.91,190.0,0.1,7.13,-0.05,7.08,15000,대졸,잔류,0.0,0.0
2021,세인트루이스 카디널스,김광현,SP,좌투,해외,해외,2020,31.0,8.0,7.0,1.0,3.0,0.0,1.0,0.0,0.0,0.0,39.0,7.0,28.0,9.0,0.0,3.0,12.0,0.0,24.0,1.0,1.62,3.88,39.0,0.0,0.6,0.0,0.6,400,해외,잔류,0.0,0.0
2022,세인트루이스 카디널스,김광현,SP,좌투,해외,해외,2021,32.0,27.0,21.0,6.0,7.0,7.0,1.0,0.0,0.0,0.0,106.2,41.0,98.0,15.0,1.0,12.0,39.0,4.0,80.0,4.0,3.46,4.34,106.2,0.0,1.2,0.0,1.2,400,해외계약,잔류,4.0,151.0
2023,SSG,김광현,SP,좌투,FA 1년차,다년계약,2022,34.0,28.0,28.0,0.0,13.0,3.0,0.0,0.0,0.0,0.0,173.1,41.0,141.0,16.0,2.0,10.0,45.0,5.0,153.0,1.0,2.13,3.14,173.1,0.0,7.39,0.0,7.39,810000,대졸,잔류,0.0,0.0
2021,토론토 블루제이스,류현진,SP,좌투,해외,해외,2020,33.0,12.0,12.0,0.0,5.0,2.0,0.0,0.0,0.0,0.0,67.0,20.0,60.0,12.0,0.0,8.0,17.0,1.0,72.0,1.0,2.69,3.01,67.0,0.0,1.9,0.0,1.9,740,해외계약,잔류,0.0,0.0
2022,토론토 블루제이스,류현진,SP,좌투,해외,해외,2021,34.0,31.0,31.0,0.0,14.0,10.0,0.0,0.0,0.0,0.0,169.0,82.0,170.0,38.0,3.0,24.0,37.0,2.0,143.0,2.0,4.37,4.02,169.0,0.0,2.5,0.0,2.5,2000,해외계약,잔류,0.0,0.0
2023,토론토 블루제이스,류현진,SP,좌투,해외,해외,2022,35.0,6.0,6.0,0.0,2.0,0.0,0.0,0.0,0.0,0.0,27.0,17.0,32.0,12.0,0.0,5.0,4.0,0.0,16.0,0.0,5.67,4.78,27.0,0.0,0.1,0.0,0.1,2000,해외계약,잔류,0.0,0.0
2024,토론토 블루제이스,류현진,SP,좌투,해외,해외,2023,36.0,11.0,11.0,0.0,3.0,3.0,0.0,0.0,0.0,0.0,52.0,20.0,53.0,12.0,0.0,9.0,14.0,1.0,38.0,1.0,3.46,4.91,52.0,0.0,0.4,0.0,0.1,2000,해외계약,잔류,8.0,170.0
2025,한화,류현진,SP,좌투,해외,FA 1년차,2024,37.0,28.0,28.0,0.0,10.0,8.0,0.0,0.0,0.0,0.0,158.1,68.0,182.0,22.0,1.0,12.0,33.0,3.0,135.0,1.0,3.87,3.67,158.1,0.0,4.44,0.0,4.44,250000,해외계약,잔류,0.0,0.0
2021,키움,김상수,RP,우투,다년계약,다년계약,2020,32.0,60.0,0.0,60.0,3.0,5.0,5.0,3.0,11.0,1.0,51.1,27.0,52.0,12.0,0.0,3.0,21.0,3.0,48.0,1.0,4.73,3.74,0.0,51.1,0.0,0.48,0.48,30000,다년계약,잔류,0.0,0.0
2022,SSG,김상수,RP,우투,다년계약,다년계약,2021,33.0,50.0,0.0,50.0,3.0,6.0,6.0,3.0,5.0,0.0,58.1,33.0,71.0,8.0,0.0,10.0,30.0,1.0,44.0,2.0,5.09,5.46,0.0,58.1,0.0,0.83,0.83,30000,다년계약,잔류,0.0,0.0
2023,SSG,김상수,RP,우투,다년계약,다년계약,2022,34.0,8.0,0.0,8.0,0.0,1.0,1.0,0.0,0.0,0.0,8.0,8.0,9.0,2.0,1.0,2.0,4.0,1.0,3.0,0.0,9.0,7.76,0.0,8.0,0.0,-0.17,-0.17,30000,다년계약,잔류,0.0,0.0
2024,롯데,김상수,RP,우투,다년계약,다년계약,2023,35.0,67.0,0.0,67.0,2.0,1.0,1.0,3.0,18.0,2.0,52.0,18.0,45.0,7.0,1.0,1.0,21.0,3.0,36.0,1.0,3.12,3.78,0.0,52.0,0.0,1.73,1.73,11000,다년계약,잔류,2.0,6.0
2025,롯데,김상수,RP,우투,다년계약,FA 1년차,2024,36.0,74.0,0.0,74.0,4.0,2.0,2.0,3.0,17.0,1.0,73.2,34.0,71.0,11.0,1.0,5.0,26.0,5.0,56.0,6.0,4.15,4.33,0.0,73.2,0.0,1.12,1.12,16000,다년계약,잔류,0.0,0.0
2019,KT,고영표,SP,우투,다년계약,다년계약,2018,27.0,25.0,23.0,2.0,6.0,9.0,0.0,0.0,0.0,0.0,142.0,81.0,175.0,27.0,4.0,17.0,25.0,14.0,134.0,2.0,5.13,4.26,139.0,3.0,2.71,0.0,2.71,11500,다년계약,잔류,0.0,0.0
2022,KT,고영표,SP,우투,다년계약,다년계약,2021,30.0,26.0,25.0,1.0,11.0,6.0,0.0,0.0,1.0,0.0,166.2,54.0,147.0,20.0,2.0,9.0,27.0,14.0,130.0,1.0,2.92,3.22,163.2,3.0,6.18,0.08,6.26,12000,다년계약,잔류,0.0,0.0
2023,KT,고영표,SP,우투,다년계약,다년계약,2022,31.0,28.0,28.0,0.0,13.0,8.0,0.0,0.0,0.0,0.0,182.1,66.0,191.0,31.0,3.0,7.0,23.0,16.0,156.0,1.0,3.26,2.75,182.1,0.0,6.13,0.0,6.13,30000,다년계약,잔류,0.0,0.0
2024,KT,고영표,SP,우투,다년계약,다년계약,2023,32.0,28.0,17.0,1.0,12.0,7.0,0.0,0.0,0.0,0.0,174.2,54.0,181.0,27.0,5.0,7.0,19.0,9.0,114.0,6.0,2.78,3.19,174.0,0.2,6.76,0.02,6.77,43000,다년계약,잔류,5.0,107.0
2025,KT,고영표,SP,우투,다년계약,FA 1년차,2024,33.0,18.0,17.0,1.0,6.0,8.0,0.0,0.0,0.0,0.0,100.0,55.0,141.0,27.0,4.0,6.0,14.0,11.0,79.0,2.0,4.95,3.71,95.0,5.0,1.62,0.24,1.86,200000,다년계약,잔류,0.0,0.0
2019,NC,구창모,SP,좌투,다년계약,다년계약,2018,21.0,36.0,23.0,16.0,5.0,11.0,0.0,0.0,1.0,0.0,133.0,79.0,158.0,31.0,2.0,21.0,52.0,7.0,116.0,16.0,5.35,2.42,106.2,26.1,0.92,1.13,2.05,9000,다년계약,잔류,0.0,0.0
2020,NC,구창모,SP,좌투,다년계약,다년계약,2019,22.0,23.0,19.0,4.0,10.0,7.0,0.0,0.0,1.0,0.0,107.0,38.0,85.0,15.0,2.0,10.0,41.0,6.0,114.0,7.0,3.2,3.62,101.0,6.0,3.28,0.3,3.58,12500,다년계약,잔류,0.0,0.0
2021,NC,구창모,SP,좌투,다년계약,다년계약,2020,23.0,15.0,14.0,1.0,9.0,0.0,0.0,0.0,1.0,0.0,93.1,18.0,58.0,12.0,0.0,7.0,18.0,0.0,102.0,2.0,1.74,2.75,92.0,1.1,5.25,0.14,5.39,18000,다년계약,잔류,0.0,0.0
2023,NC,구창모,SP,좌투,다년계약,다년계약,2022,25.0,19.0,19.0,0.0,11.0,5.0,0.0,0.0,0.0,0.0,111.2,26.0,92.0,16.0,0.0,7.0,29.0,4.0,108.0,7.0,2.1,3.03,111.2,0.0,4.79,0.0,4.79,19000,다년계약,잔류,6.0,125.0
2024,NC,구창모,SP,좌투,다년계약,FA 1년차,2023,26.0,11.0,9.0,2.0,1.0,3.0,0.0,0.0,0.0,0.0,51.2,17.0,38.0,3.0,0.0,4.0,16.0,0.0,56.0,0.0,2.96,3.02,47.0,4.2,1.55,0.32,1.87,60000,다년계약,잔류,0.0,0.0
2019,SSG,문승원,SP,우투,다년계약,다년계약,2018,29.0,31.0,27.0,4.0,8.0,9.0,1.0,0.0,1.0,0.0,150.2,77.0,180.0,33.0,2.0,24.0,37.0,4.0,122.0,4.0,4.6,5.06,143.1,7.1,3.12,0.25,3.37,9000,대졸,잔류,0.0,0.0
2020,SSG,문승원,SP,우투,다년계약,다년계약,2019,30.0,26.0,23.0,3.0,11.0,7.0,0.0,0.0,2.0,0.0,144.0,62.0,130.0,13.0,5.0,23.0,33.0,3.0,99.0,0.0,3.88,4.77,136.0,8.0,3.65,0.39,4.04,9000,대졸,잔류,0.0,0.0
2021,SSG,문승원,SP,우투,다년계약,다년계약,2020,31.0,25.0,25.0,0.0,6.0,8.0,0.0,0.0,0.0,0.0,145.2,59.0,136.0,28.0,0.0,13.0,45.0,6.0,117.0,2.0,3.65,4.13,145.2,0.0,4.4,0.0,4.4,25700,대졸,잔류,0.0,0.0
2022,SSG,문승원,SP,우투,다년계약,다년계약,2021,32.0,9.0,9.0,0.0,2.0,2.0,0.0,0.0,0.0,0.0,50.1,16.0,42.0,14.0,0.0,1.0,18.0,2.0,32.0,1.0,2.86,3.65,50.1,0.0,1.67,0.0,1.67,25700,대졸,잔류,5.0,55.0
2023,SSG,문승원,SP,우투,FA 1년차,다년계약,2022,33.0,23.0,0.0,23.0,1.0,1.0,3.0,0.0,3.0,0.0,24.2,14.0,32.0,6.0,0.0,3.0,7.0,2.0,25.0,0.0,5.11,3.83,0.0,24.2,0.0,-0.01,-0.01,160000,대졸,잔류,0.0,0.0
2019,SSG,박종훈,SP,우투,다년계약,다년계약,2018,27.0,30.0,30.0,0.0,14.0,8.0,0.0,0.0,0.0,0.0,159.1,74.0,158.0,31.0,3.0,16.0,54.0,20.0,133.0,3.0,4.18,4.89,159.1,0.0,4.85,0.0,4.85,20000,고졸,잔류,0.0,0.0
2020,SSG,박종훈,SP,우투,다년계약,다년계약,2019,28.0,28.0,28.0,0.0,8.0,11.0,0.0,0.0,0.0,0.0,144.0,62.0,157.0,29.0,0.0,12.0,59.0,13.0,100.0,1.0,3.88,4.62,144.0,0.0,3.31,0.0,3.31,32000,고졸,잔류,0.0,0.0
2021,SSG,박종훈,SP,우투,다년계약,다년계약,2020,29.0,29.0,28.0,1.0,13.0,11.0,0.0,0.0,0.0,0.0,157.1,84.0,146.0,21.0,3.0,14.0,78.0,22.0,134.0,5.0,4.81,4.9,150.2,6.2,2.87,0.39,3.26,29000,고졸,잔류,0.0,0.0
2022,SSG,박종훈,SP,우투,다년계약,다년계약,2021,30.0,9.0,9.0,0.0,4.0,2.0,0.0,0.0,0.0,0.0,54.1,17.0,40.0,7.0,0.0,2.0,17.0,7.0,41.0,0.0,2.82,3.69,54.1,0.0,2.1,0.0,2.1,32000,고졸,잔류,5.0,65.0
2023,SSG,박종훈,SP,우투,FA 1년차,다년계약,2022,31.0,11.0,11.0,0.0,3.0,5.0,0.0,0.0,0.0,0.0,48.0,32.0,52.0,4.0,1.0,6.0,21.0,8.0,40.0,3.0,6.0,5.06,48.0,0.0,0.15,0.0,0.15,180000,고졸,잔류,0.0,0.0
2020,롯데,박세웅,SP,우투,다년계약,다년계약,2019,24.0,12.0,12.0,0.0,3.0,6.0,0.0,0.0,0.0,0.0,60.0,28.0,66.0,12.0,3.0,3.0,23.0,0.0,44.0,4.0,4.2,3.76,60.0,0.0,0.94,0.0,0.94,11000,고졸,잔류,0.0,0.0
2021,롯데,박세웅,SP,우투,다년계약,다년계약,2020,25.0,28.0,28.0,0.0,8.0,10.0,0.0,0.0,0.0,0.0,147.1,77.0,177.0,27.0,2.0,20.0,47.0,8.0,108.0,13.0,4.7,4.94,147.1,0.0,2.91,0.0,2.91,11000,고졸,잔류,0.0,0.0
2022,롯데,박세웅,SP,우투,다년계약,다년계약,2021,26.0,28.0,28.0,0.0,10.0,9.0,0.0,0.0,0.0,0.0,163.0,72.0,141.0,24.0,0.0,20.0,53.0,10.0,125.0,17.0,3.98,4.51,163.0,0.0,5.06,0.0,5.06,16500,고졸,잔류,0.0,0.0
2023,롯데,박세웅,SP,우투,다년계약,다년계약,2022,27.0,28.0,28.0,0.0,10.0,11.0,0.0,0.0,0.0,0.0,157.1,68.0,179.0,32.0,4.0,8.0,32.0,8.0,146.0,8.0,3.89,2.84,157.1,0.0,3.31,0.0,3.31,26000,고졸,잔류,5.0,90.0
2024,롯데,박세웅,SP,우투,FA 1년차,다년계약,2023,28.0,27.0,27.0,0.0,9.0,7.0,0.0,0.0,0.0,0.0,154.0,59.0,145.0,24.0,0.0,8.0,59.0,59.0,129.0,10.0,3.45,3.62,154.0,0.0,4.21,0.0,4.21,150000,고졸,잔류,0.0,0.0
2019,SSG,김광현,SP,좌투,다년계약,다년계약,2018,30.0,25.0,25.0,0.0,11.0,8.0,0.0,0.0,0.0,0.0,136.0,45.0,125.0,16.0,2.0,16.0,30.0,2.0,130.0,3.0,2.98,4.09,136.0,0.0,5.99,0.0,5.99,14000,대졸,잔류,0.0,0.0
2020,SSG,김광현,SP,좌투,다년계약,다년계약,2019,31.0,31.0,30.0,1.0,17.0,6.0,0.0,0.0,0.0,0.0,190.1,53.0,198.0,17.0,0.0,13.0,38.0,2.0,180.0,8.0,2.51,2.91,190.0,0.1,7.13,-0.05,7.08,15000,대졸,잔류,0.0,0.0
2021,세인트루이스 카디널스,김광현,SP,좌투,해외,해외,2020,31.0,8.0,7.0,1.0,3.0,0.0,1.0,0.0,0.0,0.0,39.0,7.0,28.0,9.0,0.0,3.0,12.0,0.0,24.0,1.0,1.62,3.88,39.0,0.0,0.6,0.0,0.6,400,해외,잔류,0.0,0.0
2022,세인트루이스 카디널스,김광현,SP,좌투,해외,해외,2021,32.0,27.0,21.0,6.0,7.0,7.0,1.0,0.0,0.0,0.0,106.2,41.0,98.0,15.0,1.0,12.0,39.0,4.0,80.0,4.0,3.46,4.34,106.2,0.0,1.2,0.0,1.2,400,해외계약,잔류,4.0,151.0
2023,SSG,김광현,SP,좌투,FA 1년차,다년계약,2022,34.0,28.0,28.0,0.0,13.0,3.0,0.0,0.0,0.0,0.0,173.1,41.0,141.0,16.0,2.0,10.0,45.0,5.0,153.0,1.0,2.13,3.14,173.1,0.0,7.39,0.0,7.39,810000,대졸,잔류,0.0,0.0
2021,토론토 블루제이스,류현진,SP,좌투,해외,해외,2020,33.0,12.0,12.0,0.0,5.0,2.0,0.0,0.0,0.0,0.0,67.0,20.0,60.0,12.0,0.0,8.0,17.0,1.0,72.0,1.0,2.69,3.01,67.0,0.0,1.9,0.0,1.9,740,해외계약,잔류,0.0,0.0
2022,토론토 블루제이스,류현진,SP,좌투,해외,해외,2021,34.0,31.0,31.0,0.0,14.0,10.0,0.0,0.0,0.0,0.0,169.0,82.0,170.0,38.0,3.0,24.0,37.0,2.0,143.0,2.0,4.37,4.02,169.0,0.0,2.5,0.0,2.5,2000,해외계약,잔류,0.0,0.0
2023,토론토 블루제이스,류현진,SP,좌투,해외,해외,2022,35.0,6.0,6.0,0.0,2.0,0.0,0.0,0.0,0.0,0.0,27.0,17.0,32.0,12.0,0.0,5.0,4.0,0.0,16.0,0.0,5.67,4.78,27.0,0.0,0.1,0.0,0.1,2000,해외계약,잔류,0.0,0.0
2024,토론토 블루제이스,류현진,SP,좌투,해외,해외,2023,36.0,11.0,11.0,0.0,3.0,3.0,0.0,0.0,0.0,0.0,52.0,20.0,53.0,12.0,0.0,9.0,14.0,1.0,38.0,1.0,3.46,4.91,52.0,0.0,0.4,0.0,0.1,2000,해외계약,잔류,8.0,170.0
2025,한화,류현진,SP,좌투,해외,FA 1년차,2024,37.0,28.0,28.0,0.0,10.0,8.0,0.0,0.0,0.0,0.0,158.1,68.0,182.0,22.0,1.0,12.0,33.0,3.0,135.0,1.0,3.87,3.67,158.1,0.0,4.44,0.0,4.44,250000,해외계약,잔류,0.0,0.0
2021,키움,김상수,RP,우투,다년계약,다년계약,2020,32.0,60.0,0.0,60.0,3.0,5.0,5.0,3.0,11.0,1.0,51.1,27.0,52.0,12.0,0.0,3.0,21.0,3.0,48.0,1.0,4.73,3.74,0.0,51.1,0.0,0.48,0.48,30000,다년계약,잔류,0.0,0.0
2022,SSG,김상수,RP,우투,다년계약,다년계약,2021,33.0,50.0,0.0,50.0,3.0,6.0,6.0,3.0,5.0,0.0,58.1,33.0,71.0,8.0,0.0,10.0,30.0,1.0,44.0,2.0,5.09,5.46,0.0,58.1,0.0,0.83,0.83,30000,다년계약,잔류,0.0,0.0
2023,SSG,김상수,RP,우투,다년계약,다년계약,2022,34.0,8.0,0.0,8.0,0.0,1.0,1.0,0.0,0.0,0.0,8.0,8.0,9.0,2.0,1.0,2.0,4.0,1.0,3.0,0.0,9.0,7.76,0.0,8.0,0.0,-0.17,-0.17,30000,다년계약,잔류,0.0,0.0
2024,롯데,김상수,RP,우투,다년계약,다년계약,2023,35.0,67.0,0.0,67.0,2.0,1.0,1.0,3.0,18.0,2.0,52.0,18.0,45.0,7.0,1.0,1.0,21.0,3.0,36.0,1.0,3.12,3.78,0.0,52.0,0.0,1.73,1.73,11000,다년계약,잔류,2.0,6.0
2025,롯데,김상수,RP,우투,다년계약,FA 1년차,2024,36.0,74.0,0.0,74.0,4.0,2.0,2.0,3.0,17.0,1.0,73.2,34.0,71.0,11.0,1.0,5.0,26.0,5.0,56.0,6.0,4.15,4.33,0.0,73.2,0.0,1.12,1.12,16000,다년계약,잔류,0.0,0.0
2019,KT,고영표,SP,우투,다년계약,다년계약,2018,27.0,25.0,23.0,2.0,6.0,9.0,0.0,0.0,0.0,0.0,142.0,81.0,175.0,27.0,4.0,17.0,25.0,14.0,134.0,2.0,5.13,4.26,139.0,3.0,2.71,0.0,2.71,11500,다년계약,잔류,0.0,0.0
2022,KT,고영표,SP,우투,다년계약,다년계약,2021,30.0,26.0,25.0,1.0,11.0,6.0,0.0,0.0,1.0,0.0,166.2,54.0,147.0,20.0,2.0,9.0,27.0,14.0,130.0,1.0,2.92,3.22,163.2,3.0,6.18,0.08,6.26,12000,다년계약,잔류,0.0,0.0
2023,KT,고영표,SP,우투,다년계약,다년계약,2022,31.0,28.0,28.0,0.0,13.0,8.0,0.0,0.0,0.0,0.0,182.1,66.0,191.0,31.0,3.0,7.0,23.0,16.0,156.0,1.0,3.26,2.75,182.1,0.0,6.13,0.0,6.13,30000,다년계약,잔류,0.0,0.0
2024,KT,고영표,SP,우투,다년계약,다년계약,2023,32.0,28.0,17.0,1.0,12.0,7.0,0.0,0.0,0.0,0.0,174.2,54.0,181.0,27.0,5.0,7.0,19.0,9.0,114.0,6.0,2.78,3.19,174.0,0.2,6.76,0.02,6.77,43000,다년계약,잔류,5.0,107.0
2025,KT,고영표,SP,우투,다년계약,FA 1년차,2024,33.0,18.0,17.0,1.0,6.0,8.0,0.0,0.0,0.0,0.0,100.0,55.0,141.0,27.0,4.0,6.0,14.0,11.0,79.0,2.0,4.95,3.71,95.0,5.0,1.62,0.24,1.86,200000,다년계약,잔류,0.0,0.0
2019,NC,구창모,SP,좌투,다년계약,다년계약,2018,21.0,36.0,23.0,16.0,5.0,11.0,0.0,0.0,1.0,0.0,133.0,79.0,158.0,31.0,2.0,21.0,52.0,7.0,116.0,16.0,5.35,2.42,106.2,26.1,0.92,1.13,2.05,9000,다년계약,잔류,0.0,0.0
2020,NC,구창모,SP,좌투,다년계약,다년계약,2019,22.0,23.0,19.0,4.0,10.0,7.0,0.0,0.0,1.0,0.0,107.0,38.0,85.0,15.0,2.0,10.0,41.0,6.0,114.0,7.0,3.2,3.62,101.0,6.0,3.28,0.3,3.58,12500,다년계약,잔류,0.0,0.0
2021,NC,구창모,SP,좌투,다년계약,다년계약,2020,23.0,15.0,14.0,1.0,9.0,0.0,0.0,0.0,1.0,0.0,93.1,18.0,58.0,12.0,0.0,7.0,18.0,0.0,102.0,2.0,1.74,2.75,92.0,1.1,5.25,0.14,5.39,18000,다년계약,잔류,0.0,0.0
2023,NC,구창모,SP,좌투,다년계약,다년계약,2022,25.0,19.0,19.0,0.0,11.0,5.0,0.0,0.0,0.0,0.0,111.2,26.0,92.0,16.0,0.0,7.0,29.0,4.0,108.0,7.0,2.1,3.03,111.2,0.0,4.79,0.0,4.79,19000,다년계약,잔류,6.0,125.0
2024,NC,구창모,SP,좌투,다년계약,FA 1년차,2023,26.0,11.0,9.0,2.0,1.0,3.0,0.0,0.0,0.0,0.0,51.2,17.0,38.0,3.0,0.0,4.0,16.0,0.0,56.0,0.0,2.96,3.02,47.0,4.2,1.55,0.32,1.87,60000,다년계약,잔류,0.0,0.0
