선수명,FA_직전년도,FA년도,구단명,포지션,투,타,인정년수,구분,FA등급,플레이년도,Age,G,PA,AB,R,H,2B,3B,HP,HR,RBI,SB,CS,BB,SO,GDP,SF,수비_필딩 RAA,수비_포지션 RAA,전체수비 RAA,oWAR,dWAR,연봉,비고,잔류 여부,FA 계약 연수,FA 계약 총액,TEAM RANK,TEAM G,TEAM PA,TEAM AB,TEAM R,TEAM H,TEAM 2B,TEAM 3B,TEAM HP,TEAM HR,TEAM RBI,TEAM SB,TEAM CS,TEAM BB,TEAM SO,TEAM GDP,TEAM SF,TEAM 수비_필딩 RAA,TEAM 수비_포지션 RAA,TEAM 전체수비 RAA,TEAM oWAR,TEAM dWAR,TEAM 연봉
강민호,2014,2014,롯데,C,우투,우타,9.0,신규,A,2013,28.0,105.0,405.0,327.0,48.0,77.0,13.0,0.0,11.0,11.0,57.0,4.0,1.0,60.0,87.0,5.0,6.0,7.18,8.93,16.11,1.75,1.81,,고졸,잔류,4.0,75.0,5.0,128.0,4978.0,4289.0,556.0,1118.0,208.0,18.0,71.0,61.0,522.0,133.0,58.0,503.0,862.0,92.0,41.0,17.08,1.43,18.51,15.17,2.53,311900.0
강민호,2018,2018,롯데,C,우투,우타,4.0,재자격,A,2017,32.0,130.0,515.0,456.0,62.0,130.0,22.0,1.0,15.0,22.0,68.0,0.0,2.0,41.0,104.0,15.0,3.0,2.08,12.12,14.2,3.43,0.19,100000.0,고졸,이적,4.0,80.0,3.0,144.0,5671.0,4994.0,743.0,1425.0,250.0,17.0,112.0,151.0,697.0,92.0,44.0,457.0,1018.0,146.0,32.0,16.21,8.53,6.5,17.96,1.67,858600.0
강민호,2022,2022,삼성,C,우투,우타,4.0,재자격,C,2021,36.0,123.0,462.0,406.0,55.0,118.0,22.0,0.0,4.0,18.0,67.0,0.0,0.0,45.0,53.0,18.0,7.0,0.28,10.92,11.2,3.91,0.03,50000.0,3번째 FA,잔류,4.0,36.0,3.0,144.0,5552.0,4836.0,712.0,1292.0,204.0,18.0,55.0,133.0,669.0,116.0,44.0,545.0,902.0,98.0,68.0,-10.3,12.57,-19.22,18.47,-1.19,578200.0
강한울,2024,2024,삼성,3B,우투,좌타,7.0,신규,C,2023,32.0,72.0,240.0,212.0,30.0,46.0,7.0,2.0,0.0,0.0,10.0,1.0,3.0,20.0,54.0,4.0,2.0,2.81,0.21,3.02,-0.66,0.29,15000.0,대졸,잔류,2.0,3.0,8.0,144.0,5581.0,4912.0,636.0,1290.0,208.0,23.0,62.0,88.0,603.0,103.0,35.0,487.0,954.0,114.0,43.0,-15.16,-4.02,-21.28,15.69,-0.28,838000.0
고영민,2016,2016,두산,2B,우투,우타,9.0,신규,A,2015,31.0,41.0,77.0,67.0,13.0,22.0,1.0,0.0,3.0,3.0,11.0,4.0,2.0,6.0,22.0,4.0,1.0,-1.45,-0.64,-2.09,0.41,-0.13,7500.0,고졸,잔류,2.0,5.0,1.0,144.0,5759.0,4957.0,807.0,1436.0,254.0,22.0,99.0,140.0,770.0,111.0,47.0,567.0,820.0,139.0,60.0,4.5,-15.85,-3.26,29.31,0.42,588000.0
고종욱,2024,2024,KIA,LF,우투,좌타,9.0,자격유지,C,2023,34.0,114.0,286.0,270.0,35.0,80.0,17.0,0.0,0.0,3.0,39.0,2.0,2.0,14.0,58.0,3.0,2.0,-1.2,-3.84,-5.03,0.68,-0.12,7000.0,고졸,잔류,2.0,5.0,6.0,144.0,5607.0,4954.0,726.0,1365.0,224.0,21.0,46.0,101.0,673.0,122.0,34.0,500.0,957.0,115.0,44.0,10.65,18.24,1.88,24.07,0.89,494300.0
권용관,2014,2014,LG,SS,우투,우타,10.0,자격유지,A,2013,37.0,68.0,122.0,104.0,19.0,24.0,6.0,0.0,1.0,4.0,13.0,1.0,0.0,12.0,29.0,1.0,0.0,2.38,1.36,3.73,0.79,0.45,5500.0,고졸,잔류,1.0,1.0,3.0,128.0,4930.0,4287.0,615.0,1209.0,193.0,38.0,59.0,59.0,574.0,139.0,71.0,451.0,806.0,80.0,42.0,-14.07,2.68,-11.39,22.22,0.07,399500.0
권희동,2023,2023,NC,CF,우투,우타,7.0,신규,B,2022,32.0,82.0,280.0,238.0,30.0,54.0,5.0,1.0,8.0,5.0,22.0,2.0,1.0,31.0,44.0,3.0,1.0,1.16,-2.19,-1.02,0.52,0.12,11000.0,대졸,잔류,1.0,1.25,6.0,144.0,5585.0,4899.0,646.0,1260.0,230.0,15.0,88.0,105.0,613.0,100.0,39.0,501.0,981.0,112.0,47.0,-7.0,-6.71,-14.51,19.94,-0.72,823200.0
김강민,2020,2020,SK,CF,우투,우타,4.0,재자격,A,2019,37.0,127.0,460.0,422.0,54.0,114.0,14.0,2.0,4.0,8.0,50.0,15.0,8.0,31.0,103.0,2.0,3.0,5.12,0.0,5.12,1.06,0.53,40000.0,고졸,잔류,2.0,10.0,3.0,144.0,5542.0,4919.0,655.0,1290.0,218.0,14.0,87.0,117.0,622.0,118.0,50.0,462.0,966.0,92.0,38.0,2.07,6.82,-7.97,17.87,-0.09,626100.0
김경언,2015,2015,한화,RF,좌투,좌타,9.0,신규,A,2014,32.0,89.0,355.0,300.0,43.0,94.0,16.0,3.0,4.0,8.0,52.0,1.0,3.0,40.0,42.0,8.0,4.0,-2.73,-3.59,-6.32,1.57,-0.24,5800.0,고졸,잔류,3.0,8.5,9.0,128.0,5055.0,4417.0,619.0,1251.0,223.0,24.0,56.0,104.0,594.0,70.0,41.0,489.0,839.0,125.0,43.0,-26.72,-37.95,-35.82,11.41,-2.56,592300.0
김민성,2024,2024,LG,2B,우투,우타,4.0,재자격,B,2023,35.0,112.0,316.0,273.0,34.0,68.0,11.0,0.0,7.0,8.0,41.0,2.0,1.0,25.0,58.0,7.0,2.0,4.72,1.58,6.3,1.14,0.48,18000.0,2번째 FA,잔류,3.0,9.0,1.0,144.0,5687.0,4881.0,767.0,1364.0,227.0,27.0,73.0,93.0,714.0,166.0,101.0,583.0,804.0,89.0,55.0,6.8,34.27,-1.96,31.56,0.69,556000.0
김민식,2024,2024,SSG,C,우투,좌타,7.0,신규,C,2023,34.0,122.0,318.0,266.0,28.0,58.0,9.0,1.0,2.0,5.0,34.0,0.0,0.0,31.0,57.0,6.0,2.0,4.81,7.44,12.25,0.84,0.49,15000.0,대졸,잔류,2.0,5.0,3.0,144.0,5630.0,4923.0,658.0,1279.0,229.0,16.0,78.0,125.0,611.0,96.0,28.0,507.0,943.0,89.0,45.0,-11.75,-17.27,-21.21,21.42,-1.24,815400.0
김상수,2019,2019,삼성,SS,우투,우타,9.0,신규,A,2018,28.0,122.0,499.0,453.0,63.0,119.0,13.0,1.0,8.0,10.0,50.0,12.0,9.0,27.0,91.0,11.0,3.0,-3.04,9.76,6.72,0.31,-0.27,24000.0,고졸,잔류,3.0,18.0,6.0,144.0,5766.0,5109.0,776.0,1471.0,241.0,29.0,87.0,146.0,732.0,116.0,52.0,468.0,1034.0,115.0,45.0,-21.0,1.16,-29.04,15.23,-1.88,598700.0
김상수,2023,2023,삼성,SS,우투,우타,4.0,재자격,B,2022,32.0,72.0,260.0,235.0,30.0,59.0,11.0,0.0,1.0,2.0,29.0,2.0,1.0,18.0,44.0,6.0,2.0,-6.01,3.98,-2.03,0.38,-0.62,25000.0,고졸,이적,4.0,29.0,7.0,144.0,5647.0,5023.0,663.0,1358.0,241.0,19.0,54.0,103.0,627.0,91.0,27.0,446.0,1029.0,119.0,41.0,-21.46,0.42,-28.41,18.17,-2.21,842300.0
김상현,2016,2016,KT,LF,우투,우타,9.0,신규,A,2015,35.0,134.0,539.0,475.0,71.0,133.0,20.0,0.0,8.0,27.0,88.0,4.0,5.0,50.0,115.0,21.0,6.0,-8.93,-9.22,-18.16,1.43,-0.83,16000.0,고졸,잔류,2.0,10.0,10.0,144.0,5605.0,4927.0,670.0,1344.0,221.0,15.0,58.0,129.0,633.0,124.0,52.0,507.0,1112.0,118.0,37.0,-42.0,-31.47,-50.22,11.8,-3.79,395000.0
김선빈,2020,2020,KIA,SS,우투,우타,9.0,신규,A,2019,30.0,121.0,447.0,394.0,55.0,115.0,22.0,0.0,1.0,3.0,40.0,5.0,4.0,43.0,26.0,7.0,4.0,-0.71,8.45,7.74,2.84,-0.07,30000.0,고졸,잔류,4.0,24.0,7.0,144.0,5505.0,4874.0,605.0,1286.0,248.0,19.0,58.0,76.0,567.0,87.0,42.0,497.0,919.0,108.0,45.0,-34.68,-26.69,-42.45,17.58,-3.89,728800.0
김선빈,2024,2024,KIA,2B,우투,우타,4.0,재자격,B,2023,34.0,119.0,473.0,419.0,41.0,134.0,16.0,0.0,5.0,0.0,48.0,3.0,1.0,38.0,26.0,10.0,3.0,-2.1,4.65,2.55,2.83,-0.21,45000.0,2번째 FA,잔류,4.0,28.0,6.0,144.0,5607.0,4954.0,726.0,1365.0,224.0,21.0,46.0,101.0,673.0,122.0,34.0,500.0,957.0,115.0,44.0,10.65,18.24,1.88,24.07,0.89,494300.0
김성현,2021,2021,SK,SS,우투,우타,9.0,신규,A,2020,33.0,133.0,392.0,343.0,34.0,93.0,9.0,1.0,5.0,2.0,25.0,1.0,1.0,30.0,27.0,10.0,3.0,3.51,6.44,9.95,0.88,0.33,21000.0,고졸,잔류,3.0,11.0,9.0,144.0,5502.0,4839.0,634.0,1212.0,177.0,17.0,69.0,143.0,595.0,81.0,45.0,511.0,981.0,112.0,34.0,-0.01,3.87,-10.2,8.09,-0.18,770800.0
김용의,2021,2021,LG,1B,우투,좌타,8.0,신규,C,2020,35.0,101.0,75.0,70.0,28.0,19.0,1.0,1.0,0.0,1.0,12.0,7.0,3.0,3.0,15.0,2.0,1.0,2.97,-1.16,1.81,-0.01,0.28,10500.0,대졸,잔류,1.0,1.0,4.0,144.0,5681.0,4999.0,802.0,1384.0,253.0,29.0,75.0,149.0,760.0,83.0,39.0,509.0,969.0,115.0,49.0,3.39,0.85,-5.11,26.1,0.33,703800.0
김원섭,2013,2013,KIA,LF,우투,좌타,8.0,신규,A,2012,34.0,120.0,472.0,386.0,60.0,117.0,21.0,4.0,2.0,3.0,61.0,8.0,4.0,69.0,54.0,12.0,3.0,0.69,-5.82,-5.13,4.97,-0.91,13000.0,대졸,잔류,3.0,14.0,5.0,133.0,5131.0,4348.0,553.0,1112.0,197.0,19.0,60.0,54.0,518.0,132.0,51.0,544.0,790.0,100.0,47.0,10.53,-0.12,3.09,24.75,0.09,263000.0
김재호,2017,2017,두산,SS,우투,우타,9.0,신규,A,2016,31.0,137.0,496.0,416.0,69.0,129.0,27.0,3.0,5.0,7.0,78.0,8.0,4.0,57.0,52.0,8.0,13.0,8.68,9.86,18.54,3.53,0.77,41000.0,고졸,잔류,4.0,50.0,1.0,144.0,5841.0,5044.0,935.0,1504.0,284.0,25.0,86.0,183.0,877.0,85.0,45.0,600.0,884.0,121.0,68.0,2.92,4.73,-5.63,33.4,0.45,567400.0
김재호,2021,2021,두산,SS,우투,우타,4.0,재자격,B,2020,35.0,120.0,458.0,402.0,48.0,116.0,15.0,1.0,4.0,2.0,39.0,6.0,2.0,45.0,45.0,17.0,5.0,-1.59,9.12,7.53,2.07,-0.15,65000.0,고졸,잔류,3.0,25.0,2.0,144.0,5776.0,5046.0,816.0,1477.0,263.0,20.0,68.0,125.0,778.0,88.0,37.0,551.0,796.0,132.0,73.0,-16.54,-25.41,-27.23,30.64,-1.48,677600.0
김재환,2022,2022,두산,LF,우투,좌타,9.0,신규,A,2021,33.0,137.0,566.0,475.0,86.0,130.0,23.0,2.0,5.0,27.0,102.0,2.0,3.0,81.0,127.0,9.0,5.0,-6.54,-6.24,-12.78,4.83,-0.65,76000.0,고졸,잔류,4.0,115.0,2.0,144.0,5645.0,4900.0,738.0,1314.0,235.0,17.0,86.0,110.0,698.0,81.0,37.0,560.0,943.0,137.0,53.0,-0.82,-8.17,-11.12,24.7,-0.08,681500.0
김주찬,2013,2013,롯데,CF,우투,우타,9.0,신규,A,2012,31.0,118.0,488.0,435.0,62.0,128.0,27.0,3.0,7.0,5.0,39.0,32.0,13.0,30.0,48.0,7.0,5.0,-3.17,-6.02,-9.19,3.04,-0.6,27000.0,고졸,이적,4.0,50.0,4.0,133.0,5043.0,4481.0,509.0,1179.0,202.0,16.0,54.0,73.0,479.0,119.0,53.0,375.0,890.0,91.0,26.0,-41.49,13.36,-35.33,21.15,-3.15,289700.0
김주찬,2018,2018,KIA,1B,우투,우타,4.0,재자격,A,2017,36.0,122.0,478.0,440.0,78.0,136.0,39.0,2.0,4.0,12.0,70.0,9.0,2.0,31.0,59.0,17.0,1.0,4.68,-8.02,-3.34,2.13,0.43,60000.0,고졸,잔류,3.0,27.0,1.0,144.0,5841.0,5142.0,906.0,1554.0,292.0,29.0,89.0,170.0,868.0,76.0,34.0,499.0,891.0,117.0,56.0,-9.65,-22.98,-20.85,31.41,-1.42,897200.0
김태군,2020,2020,NC,C,우투,우타,9.0,신규,A,2019,30.0,18.0,28.0,22.0,0.0,4.0,0.0,0.0,2.0,0.0,1.0,0.0,0.0,4.0,8.0,1.0,0.0,1.76,0.6,2.36,0.08,0.18,23000.0,고졸,잔류,4.0,13.0,5.0,144.0,5631.0,4968.0,674.0,1383.0,249.0,26.0,83.0,128.0,639.0,87.0,45.0,456.0,880.0,126.0,60.0,10.59,22.04,3.58,25.29,0.91,796700.0
김태균,2016,2016,한화,1B,우투,우타,4.0,재자격,A,2015,33.0,133.0,524.0,408.0,61.0,129.0,28.0,0.0,12.0,21.0,104.0,3.0,1.0,98.0,80.0,19.0,5.0,2.44,-10.65,-8.2,4.43,0.23,150000.0,고졸,잔류,4.0,84.0,6.0,144.0,5716.0,4852.0,717.0,1316.0,218.0,19.0,109.0,130.0,667.0,80.0,47.0,581.0,1135.0,112.0,35.0,16.16,31.04,8.26,15.8,1.6,784600.0
김태균,2020,2020,한화,DH,우투,우타,4.0,재자격,A,2019,37.0,127.0,500.0,433.0,47.0,132.0,21.0,0.0,5.0,6.0,62.0,3.0,0.0,54.0,94.0,15.0,8.0,-2.52,-11.39,-13.91,1.58,-0.26,100000.0,고졸,잔류,1.0,10.0,9.0,144.0,5482.0,4882.0,607.0,1250.0,223.0,16.0,70.0,88.0,562.0,105.0,51.0,441.0,1090.0,112.0,45.0,-21.24,-0.29,-27.17,12.6,-2.18,668000.0
김현수,2022,2022,LG,LF,우투,좌타,4.0,자격유지,B,2021,33.0,140.0,595.0,506.0,70.0,144.0,23.0,1.0,3.0,17.0,96.0,3.0,0.0,77.0,42.0,7.0,9.0,-1.87,-9.75,-11.62,3.53,-0.19,100000.0,고졸,잔류,6.0,115.0,4.0,144.0,5533.0,4750.0,654.0,1188.0,210.0,11.0,94.0,110.0,621.0,92.0,34.0,592.0,926.0,102.0,45.0,15.39,5.93,6.34,20.58,1.28,610000.0
나성범,2022,2022,NC,DH,좌투,좌타,8.0,신규,A,2021,32.0,144.0,623.0,570.0,96.0,160.0,29.0,1.0,11.0,33.0,101.0,1.0,2.0,38.0,155.0,5.0,4.0,-2.41,-7.07,-9.48,3.16,-0.24,78000.0,대졸,이적,6.0,150.0,7.0,144.0,5532.0,4808.0,702.0,1254.0,203.0,17.0,111.0,170.0,670.0,101.0,46.0,511.0,1093.0,94.0,43.0,-14.94,3.78,-23.57,22.15,-0.97,838500.0
나지완,2017,2017,KIA,LF,우투,우타,8.0,신규,A,2016,31.0,118.0,486.0,380.0,84.0,117.0,21.0,2.0,17.0,25.0,90.0,6.0,3.0,85.0,90.0,8.0,4.0,-2.28,-10.99,-13.27,4.29,-0.2,20000.0,대졸,잔류,4.0,40.0,5.0,144.0,5696.0,4999.0,803.0,1429.0,264.0,28.0,87.0,170.0,754.0,101.0,50.0,499.0,997.0,109.0,45.0,-5.49,2.85,-16.24,21.24,-0.49,815200.0
노진혁,2023,2023,NC,3B,우투,좌타,7.0,신규,B,2022,33.0,115.0,451.0,396.0,50.0,111.0,24.0,0.0,2.0,15.0,75.0,2.0,0.0,45.0,105.0,11.0,5.0,-5.52,3.98,-1.54,3.43,-0.57,23000.0,대졸,이적,4.0,50.0,6.0,144.0,5585.0,4899.0,646.0,1260.0,230.0,15.0,88.0,105.0,613.0,100.0,39.0,501.0,981.0,112.0,47.0,-7.0,-6.71,-14.51,19.94,-0.72,823200.0
모창민,2019,2019,NC,3B,우투,우타,8.0,신규,A,2018,33.0,81.0,314.0,287.0,38.0,80.0,10.0,1.0,1.0,17.0,62.0,2.0,3.0,21.0,51.0,10.0,4.0,-1.49,-2.72,-4.21,0.73,-0.13,18500.0,대졸,잔류,3.0,20.0,10.0,144.0,5488.0,4895.0,660.0,1280.0,233.0,18.0,88.0,143.0,629.0,82.0,35.0,427.0,1081.0,115.0,43.0,2.07,19.6,-8.48,5.69,0.25,544500.0
문규현,2018,2018,롯데,SS,우투,우타,9.0,신규,A,2017,34.0,110.0,337.0,304.0,38.0,82.0,15.0,2.0,2.0,6.0,42.0,2.0,1.0,10.0,42.0,10.0,3.0,-0.47,5.26,4.79,0.21,-0.04,12000.0,고졸,잔류,3.0,10.0,3.0,144.0,5671.0,4994.0,743.0,1425.0,250.0,17.0,112.0,151.0,697.0,92.0,44.0,457.0,1018.0,146.0,32.0,16.21,8.53,6.5,17.96,1.67,858600.0
민병헌,2018,2018,두산,RF,우투,우타,9.0,신규,A,2017,30.0,123.0,520.0,447.0,73.0,136.0,21.0,0.0,19.0,14.0,71.0,3.0,4.0,47.0,74.0,14.0,6.0,-5.36,-4.47,-9.83,2.53,-0.49,55000.0,고졸,이적,4.0,80.0,2.0,144.0,5833.0,5102.0,849.0,1499.0,270.0,20.0,95.0,178.0,812.0,69.0,33.0,541.0,960.0,120.0,47.0,-0.18,-17.54,-7.54,32.2,-0.14,473500.0
박건우,2022,2022,두산,RF,우투,우타,9.0,신규,A,2021,31.0,126.0,525.0,458.0,82.0,149.0,31.0,2.0,11.0,6.0,63.0,13.0,0.0,50.0,72.0,16.0,6.0,-1.79,-3.42,-5.21,4.37,-0.18,48000.0,고졸,이적,6.0,100.0,2.0,144.0,5645.0,4900.0,738.0,1314.0,235.0,17.0,86.0,110.0,698.0,81.0,37.0,560.0,943.0,137.0,53.0,-0.82,-8.17,-11.12,24.7,-0.08,681500.0
박경수,2015,2015,LG,2B,우투,우타,9.0,신규,A,2014,30.0,87.0,201.0,162.0,33.0,37.0,6.0,1.0,5.0,2.0,19.0,7.0,1.0,25.0,33.0,6.0,3.0,-4.09,1.91,-2.18,0.37,-0.36,9000.0,고졸,이적,4.0,18.2,4.0,128.0,5070.0,4349.0,668.0,1214.0,213.0,22.0,63.0,90.0,622.0,105.0,64.0,524.0,817.0,112.0,57.0,10.35,-11.98,0.93,13.69,0.92,502800.0
박경수,2019,2019,KT,2B,우투,우타,4.0,재자격,A,2018,34.0,135.0,528.0,458.0,65.0,120.0,21.0,0.0,9.0,25.0,74.0,4.0,1.0,58.0,129.0,16.0,3.0,-1.76,4.45,2.69,2.63,-0.16,23000.0,고졸,잔류,3.0,26.0,9.0,144.0,5605.0,5026.0,757.0,1382.0,264.0,13.0,46.0,206.0,721.0,80.0,57.0,464.0,1109.0,103.0,26.0,-2.41,-7.35,-12.03,16.22,-0.35,607700.0
박기혁,2015,2015,롯데,SS,우투,우타,9.0,자격유지,A,2014,33.0,22.0,63.0,51.0,8.0,8.0,2.0,0.0,0.0,0.0,2.0,0.0,1.0,10.0,11.0,1.0,0.0,-1.36,1.24,-0.12,-0.24,-0.12,7000.0,고졸,이적,4.0,11.4,7.0,128.0,5194.0,4487.0,716.0,1288.0,252.0,26.0,70.0,121.0,685.0,63.0,41.0,534.0,964.0,95.0,41.0,1.14,15.71,-6.57,16.88,0.1,510600.0
박동원,2023,2023,KIA,C,우투,우타,9.0,신규,A,2022,32.0,123.0,447.0,385.0,52.0,93.0,21.0,0.0,9.0,18.0,57.0,1.0,0.0,45.0,95.0,9.0,1.0,4.43,0.65,5.08,3.05,0.05,31000.0,고졸,이적,4.0,65.0,5.0,144.0,5703.0,5000.0,720.0,1361.0,250.0,19.0,63.0,113.0,677.0,103.0,34.0,542.0,983.0,111.0,36.0,5.59,3.87,-1.59,28.69,0.19,567000.0
박민우,2023,2023,NC,2B,우투,좌타,9.0,신규,A,2022,29.0,104.0,451.0,390.0,61.0,104.0,22.0,1.0,10.0,4.0,38.0,21.0,4.0,42.0,55.0,7.0,3.0,1.32,4.3,5.62,2.6,0.14,41000.0,고졸,잔류,8.0,140.0,6.0,144.0,5585.0,4899.0,646.0,1260.0,230.0,15.0,88.0,105.0,613.0,100.0,39.0,501.0,981.0,112.0,47.0,-7.0,-6.71,-14.51,19.94,-0.72,823200.0
박병호,2022,2022,키움,1B,우투,우타,4.0,신규,C,2021,35.0,118.0,477.0,409.0,48.0,93.0,23.0,0.0,14.0,20.0,76.0,0.0,1.0,47.0,141.0,9.0,7.0,0.26,-9.72,-9.46,0.89,0.03,150000.0,35세 이상 해외복귀,이적,3.0,52.5,5.0,144.0,5653.0,4874.0,722.0,1262.0,244.0,28.0,93.0,91.0,671.0,97.0,26.0,595.0,1053.0,93.0,56.0,20.06,18.06,13.53,20.78,1.77,615900.0
박석민,2016,2016,삼성,3B,우투,우타,9.0,신규,A,2015,30.0,135.0,559.0,448.0,90.0,144.0,25.0,0.0,19.0,26.0,116.0,3.0,0.0,83.0,97.0,13.0,8.0,6.95,0.0,6.95,5.84,0.64,47000.0,고졸,이적,4.0,96.0,2.0,144.0,5803.0,5019.0,897.0,1515.0,259.0,25.0,70.0,176.0,850.0,157.0,52.0,581.0,930.0,109.0,57.0,0.96,5.77,-8.74,32.86,0.08,693600.0
박석민,2020,2020,NC,3B,우투,우타,4.0,재자격,A,2019,34.0,112.0,444.0,360.0,49.0,96.0,17.0,1.0,12.0,19.0,74.0,1.0,2.0,65.0,69.0,17.0,3.0,-1.43,-4.44,-5.87,3.16,-0.15,75000.0,고졸,잔류,3.0,34.0,5.0,144.0,5631.0,4968.0,674.0,1383.0,249.0,26.0,83.0,128.0,639.0,87.0,45.0,456.0,880.0,126.0,60.0,10.59,22.04,3.58,25.29,0.91,796700.0
박세혁,2023,2023,두산,C,우투,좌타,7.0,신규,A,2022,32.0,128.0,402.0,351.0,33.0,87.0,13.0,1.0,6.0,3.0,41.0,2.0,2.0,33.0,71.0,4.0,4.0,0.59,9.5,10.09,1.47,0.06,30000.0,대졸,이적,4.0,46.0,9.0,144.0,5510.0,4891.0,638.0,1249.0,210.0,12.0,71.0,101.0,592.0,90.0,40.0,450.0,1007.0,116.0,45.0,-9.52,-20.71,-19.24,15.56,-0.98,808700.0
박용택,2015,2015,LG,CF,우투,좌타,4.0,재자격,A,2014,35.0,124.0,549.0,464.0,71.0,159.0,24.0,2.0,1.0,9.0,73.0,11.0,9.0,75.0,65.0,15.0,7.0,4.53,-4.22,0.31,3.75,0.4,35000.0,고졸,잔류,4.0,50.0,4.0,128.0,5070.0,4349.0,668.0,1214.0,213.0,22.0,63.0,90.0,622.0,105.0,64.0,524.0,817.0,112.0,57.0,10.35,-11.98,0.93,13.69,0.92,502800.0
박용택,2019,2019,LG,DH,우투,좌타,4.0,재자격,A,2018,39.0,134.0,583.0,524.0,89.0,159.0,38.0,1.0,5.0,15.0,76.0,3.0,3.0,47.0,107.0,21.0,7.0,1.09,-13.68,-12.59,1.5,0.1,80000.0,고졸,잔류,2.0,25.0,8.0,144.0,5665.0,5070.0,788.0,1487.0,299.0,12.0,75.0,148.0,740.0,71.0,38.0,418.0,1001.0,125.0,51.0,-27.85,-22.4,-35.85,21.66,-2.31,851800.0
박재상,2016,2016,SK,LF,좌투,좌타,9.0,신규,A,2015,33.0,108.0,292.0,250.0,34.0,62.0,12.0,2.0,3.0,7.0,37.0,4.0,5.0,32.0,53.0,4.0,1.0,0.73,-1.81,-1.08,0.36,0.07,16000.0,고졸,잔류,2.0,5.5,5.0,144.0,5588.0,4861.0,693.0,1323.0,214.0,10.0,98.0,145.0,656.0,94.0,59.0,490.0,1047.0,113.0,29.0,-20.69,-5.15,-29.84,14.72,-1.07,756700.0
박정권,2016,2016,SK,1B,좌투,좌타,8.0,신규,A,2015,34.0,124.0,494.0,438.0,66.0,123.0,23.0,0.0,4.0,21.0,70.0,3.0,3.0,46.0,119.0,9.0,2.0,7.4,-9.86,-2.46,1.23,0.68,40000.0,대졸,잔류,4.0,30.0,5.0,144.0,5588.0,4861.0,693.0,1323.0,214.0,10.0,98.0,145.0,656.0,94.0,59.0,490.0,1047.0,113.0,29.0,-20.69,-5.15,-29.84,14.72,-1.07,756700.0
박한이,2014,2014,삼성,RF,좌투,좌타,4.0,재자격,A,2013,34.0,112.0,466.0,394.0,56.0,112.0,12.0,3.0,1.0,6.0,55.0,4.0,4.0,51.0,74.0,5.0,2.0,17.76,-4.55,13.22,2.07,1.66,35000.0,고졸,잔류,4.0,28.0,1.0,128.0,5042.0,4370.0,669.0,1235.0,212.0,17.0,93.0,113.0,624.0,95.0,41.0,453.0,818.0,98.0,41.0,17.85,-1.74,16.12,28.45,2.03,431300.0
박해민,2022,2022,삼성,CF,우투,좌타,8.0,신규,A,2021,31.0,127.0,542.0,454.0,78.0,132.0,22.0,1.0,3.0,5.0,54.0,36.0,15.0,69.0,82.0,3.0,7.0,3.75,-0.1,3.65,2.97,0.37,38000.0,대졸,이적,4.0,60.0,3.0,144.0,5552.0,4836.0,712.0,1292.0,204.0,18.0,55.0,133.0,669.0,116.0,44.0,545.0,902.0,98.0,68.0,-10.3,12.57,-19.22,18.47,-1.19,578200.0
손시헌,2014,2014,두산,SS,우투,우타,8.0,신규,A,2013,33.0,93.0,268.0,234.0,35.0,59.0,14.0,1.0,6.0,1.0,26.0,3.0,1.0,21.0,38.0,5.0,1.0,10.78,5.47,16.25,0.8,1.66,18000.0,대졸,이적,4.0,30.0,2.0,128.0,5142.0,4401.0,699.0,1271.0,217.0,37.0,79.0,95.0,654.0,172.0,61.0,524.0,717.0,105.0,56.0,8.01,-0.56,7.44,36.32,1.04,345000.0
손시헌,2018,2018,NC,SS,우투,우타,4.0,재자격,A,2017,37.0,124.0,391.0,349.0,32.0,122.0,17.0,1.0,8.0,5.0,45.0,1.0,0.0,16.0,44.0,5.0,5.0,3.35,7.8,11.15,3.1,0.31,40000.0,고졸,잔류,2.0,15.0,4.0,144.0,5790.0,5079.0,786.0,1489.0,277.0,19.0,130.0,149.0,739.0,93.0,32.0,471.0,979.0,119.0,48.0,16.48,35.2,6.55,24.87,1.52,713700.0
손아섭,2018,2018,롯데,RF,우투,좌타,9.0,신규,A,2017,29.0,144.0,667.0,576.0,113.0,193.0,35.0,4.0,4.0,20.0,80.0,25.0,8.0,83.0,96.0,7.0,3.0,5.34,-6.94,-1.6,5.1,0.49,65000.0,고졸,잔류,4.0,98.0,3.0,144.0,5671.0,4994.0,743.0,1425.0,250.0,17.0,112.0,151.0,697.0,92.0,44.0,457.0,1018.0,146.0,32.0,16.21,8.53,6.5,17.96,1.67,858600.0
손아섭,2022,2022,롯데,RF,우투,좌타,4.0,재자격,B,2021,33.0,139.0,610.0,542.0,88.0,173.0,29.0,2.0,3.0,3.0,58.0,11.0,6.0,61.0,67.0,15.0,1.0,-3.45,-6.22,-9.67,2.91,-0.34,50000.0,고졸,이적,4.0,64.0,8.0,144.0,5726.0,5009.0,727.0,1393.0,266.0,10.0,54.0,107.0,697.0,60.0,31.0,579.0,969.0,114.0,46.0,-24.26,-13.58,-33.77,22.75,-3.11,481800.0
송광민,2019,2019,한화,3B,우투,우타,8.0,신규,A,2018,35.0,113.0,460.0,434.0,63.0,129.0,24.0,0.0,4.0,18.0,79.0,4.0,4.0,18.0,93.0,13.0,4.0,1.22,-1.68,-0.46,1.2,0.11,24000.0,대졸,잔류,2.0,16.0,3.0,144.0,5539.0,4972.0,729.0,1369.0,249.0,14.0,88.0,151.0,668.0,118.0,64.0,420.0,1098.0,113.0,28.0,24.57,11.38,15.86,12.72,2.19,562100.0
신본기,2023,2023,KT,SS,우투,우타,7.0,신규,C,2022,33.0,74.0,138.0,121.0,9.0,22.0,3.0,0.0,2.0,1.0,8.0,0.0,1.0,10.0,28.0,5.0,1.0,0.75,1.63,2.38,-0.55,0.08,11500.0,대졸,잔류,2.0,3.0,4.0,144.0,5547.0,4864.0,631.0,1237.0,192.0,19.0,49.0,119.0,588.0,89.0,34.0,519.0,1183.0,105.0,44.0,13.16,14.83,4.34,17.82,1.35,749000.0
안치홍,2020,2020,KIA,2B,우투,우타,9.0,신규,A,2019,29.0,105.0,408.0,362.0,45.0,114.0,18.0,1.0,1.0,5.0,49.0,4.0,2.0,40.0,37.0,9.0,5.0,-6.15,2.94,-3.21,2.8,-0.63,50000.0,고졸,,4.0,56.0,7.0,144.0,5505.0,4874.0,605.0,1286.0,248.0,19.0,58.0,76.0,567.0,87.0,42.0,497.0,919.0,108.0,45.0,-34.68,-26.69,-42.45,17.58,-3.89,728800.0
안치홍,2024,2024,롯데,2B,우투,우타,4.0,재자격,B,2023,33.0,121.0,494.0,425.0,57.0,124.0,20.0,1.0,10.0,8.0,63.0,3.0,3.0,49.0,53.0,14.0,5.0,-4.54,0.9,-3.65,2.77,-0.46,50000.0,2번째 FA,이적,4.0,55.0,7.0,144.0,5576.0,4871.0,653.0,1289.0,231.0,19.0,51.0,69.0,608.0,101.0,42.0,522.0,1000.0,110.0,57.0,-32.72,-29.39,-42.0,17.11,-3.34,536460.0
양석환,2024,2024,두산,1B,우투,우타,7.0,신규,A,2023,32.0,140.0,582.0,524.0,73.0,147.0,28.0,0.0,6.0,21.0,89.0,4.0,0.0,41.0,133.0,9.0,11.0,4.03,-12.14,-8.11,2.42,0.41,40000.0,대졸,잔류,6.0,78.0,5.0,144.0,5538.0,4859.0,620.0,1238.0,210.0,32.0,76.0,100.0,565.0,133.0,48.0,505.0,975.0,90.0,41.0,7.77,-5.94,0.0,20.22,0.72,742300.0
양의지,2019,2019,두산,C,우투,우타,9.0,신규,A,2018,31.0,133.0,503.0,439.0,84.0,157.0,29.0,1.0,13.0,23.0,77.0,6.0,0.0,45.0,40.0,13.0,6.0,1.32,9.46,10.77,6.63,0.12,60000.0,고졸,이적,4.0,125.0,2.0,144.0,5870.0,5176.0,944.0,1601.0,284.0,30.0,92.0,191.0,898.0,96.0,23.0,496.0,1016.0,112.0,63.0,31.25,30.09,23.63,37.38,2.69,690700.0
양의지,2023,2023,NC,C,우투,우타,4.0,재자격,B,2022,35.0,130.0,510.0,427.0,61.0,121.0,24.0,0.0,13.0,20.0,94.0,3.0,1.0,60.0,48.0,16.0,10.0,4.12,5.47,9.59,5.03,0.42,100000.0,고졸,이적,6.0,152.0,6.0,144.0,5585.0,4899.0,646.0,1260.0,230.0,15.0,88.0,105.0,613.0,100.0,39.0,501.0,981.0,112.0,47.0,-7.0,-6.71,-14.51,19.94,-0.72,823200.0
오선진,2023,2023,삼성,3B,우투,우타,9.0,자격유지,C,2022,33.0,100.0,306.0,268.0,30.0,74.0,8.0,0.0,3.0,3.0,24.0,2.0,2.0,18.0,51.0,5.0,1.0,-4.72,2.37,-2.35,0.63,-0.49,7000.0,22년 C등급,이적,2.0,4.0,7.0,144.0,5647.0,5023.0,663.0,1358.0,241.0,19.0,54.0,103.0,627.0,91.0,27.0,446.0,1029.0,119.0,41.0,-21.46,0.42,-28.41,18.17,-2.21,842300.0
오재원,2016,2016,두산,2B,우투,좌타,8.0,신규,A,2015,30.0,120.0,474.0,411.0,60.0,115.0,20.0,2.0,4.0,11.0,59.0,31.0,8.0,47.0,94.0,9.0,4.0,-0.41,4.61,4.2,2.52,-0.04,40000.0,대졸,잔류,4.0,38.0,1.0,144.0,5759.0,4957.0,807.0,1436.0,254.0,22.0,99.0,140.0,770.0,111.0,47.0,567.0,820.0,139.0,60.0,4.5,-15.85,-3.26,29.31,0.42,588000.0
오재원,2020,2020,두산,2B,우투,좌타,4.0,재자격,A,2019,34.0,98.0,204.0,177.0,30.0,29.0,8.0,1.0,0.0,3.0,18.0,6.0,2.0,25.0,50.0,3.0,0.0,-7.45,1.9,-5.55,-0.2,-0.77,55000.0,대졸,잔류,3.0,19.0,1.0,144.0,5670.0,4913.0,736.0,1364.0,235.0,31.0,72.0,84.0,691.0,102.0,38.0,563.0,799.0,117.0,83.0,20.76,20.57,11.54,29.09,2.13,596100.0
오재일,2021,2021,두산,1B,좌투,좌타,9.0,신규,A,2020,34.0,127.0,534.0,471.0,62.0,147.0,32.0,0.0,0.0,16.0,89.0,2.0,1.0,61.0,92.0,12.0,2.0,-4.08,-10.76,-14.85,3.15,-0.38,47000.0,고졸,이적,4.0,50.0,2.0,144.0,5776.0,5046.0,816.0,1477.0,263.0,20.0,68.0,125.0,778.0,88.0,37.0,551.0,796.0,132.0,73.0,-16.54,-25.41,-27.23,30.64,-1.48,677600.0
오지환,2020,2020,LG,SS,우투,좌타,9.0,신규,A,2019,29.0,134.0,547.0,473.0,63.0,119.0,23.0,5.0,7.0,9.0,53.0,27.0,5.0,57.0,113.0,7.0,3.0,10.93,10.92,21.85,3.97,1.12,40000.0,고졸,잔류,4.0,40.0,4.0,144.0,5536.0,4928.0,641.0,1316.0,233.0,15.0,77.0,94.0,604.0,108.0,47.0,434.0,962.0,117.0,48.0,11.94,14.3,3.53,20.38,1.23,745100.0
오지환,2024,2024,LG,SS,우투,좌타,4.0,재자격,B,2023,33.0,126.0,502.0,422.0,65.0,113.0,24.0,3.0,8.0,8.0,62.0,16.0,7.0,64.0,82.0,4.0,4.0,3.4,9.94,13.34,4.66,0.35,60000.0,2번째 FA,잔류,6.0,124.0,1.0,144.0,5687.0,4881.0,767.0,1364.0,227.0,27.0,73.0,93.0,714.0,166.0,101.0,583.0,804.0,89.0,55.0,6.8,34.27,-1.96,31.56,0.69,556000.0
오태곤,2023,2023,SSG,LF,우투,우타,8.0,신규,C,2022,31.0,130.0,295.0,263.0,48.0,61.0,14.0,1.0,9.0,4.0,23.0,11.0,4.0,15.0,68.0,3.0,3.0,5.61,-3.32,2.29,-0.11,0.58,10500.0,고졸,잔류,4.0,18.0,1.0,144.0,5642.0,4893.0,720.0,1245.0,242.0,18.0,95.0,138.0,682.0,98.0,39.0,530.0,1075.0,96.0,47.0,31.78,20.6,22.28,23.68,3.53,1191700.0
용덕한,2017,2017,NC,C,우투,우타,8.0,신규,A,2016,35.0,88.0,116.0,104.0,16.0,22.0,3.0,0.0,1.0,2.0,7.0,0.0,0.0,8.0,21.0,5.0,1.0,2.2,2.71,4.91,-0.34,0.19,8500.0,대졸,,,,2.0,144.0,5833.0,5007.0,857.0,1457.0,249.0,19.0,93.0,169.0,808.0,99.0,41.0,609.0,1023.0,133.0,52.0,6.4,-8.9,-3.55,24.47,0.57,723500.0
유강남,2023,2023,LG,C,우투,우타,8.0,신규,A,2022,30.0,139.0,469.0,416.0,54.0,106.0,16.0,0.0,11.0,8.0,47.0,0.0,0.0,34.0,98.0,9.0,2.0,2.86,10.78,13.63,2.49,0.29,27000.0,고졸,이적,4.0,80.0,3.0,144.0,5627.0,4927.0,715.0,1325.0,208.0,33.0,103.0,118.0,674.0,102.0,46.0,501.0,924.0,109.0,46.0,21.98,24.7,13.13,28.62,2.26,784300.0
유한준,2016,2016,넥센,RF,우투,우타,8.0,신규,A,2015,34.0,139.0,598.0,520.0,103.0,188.0,42.0,1.0,2.0,23.0,116.0,3.0,3.0,67.0,71.0,13.0,8.0,8.8,-3.64,5.16,5.52,0.81,28000.0,대졸,이적,4.0,60.0,4.0,144.0,5811.0,5069.0,904.0,1512.0,304.0,20.0,82.0,203.0,855.0,100.0,47.0,544.0,1098.0,112.0,55.0,14.64,28.04,4.52,30.43,1.44,529300.0
유한준,2020,2020,KT,RF,우투,우타,4.0,재자격,A,2019,38.0,139.0,562.0,501.0,61.0,159.0,19.0,1.0,4.0,14.0,86.0,3.0,0.0,52.0,61.0,20.0,5.0,-1.71,-10.55,-12.26,3.08,-0.18,60000.0,고졸,잔류,2.0,20.0,6.0,144.0,5582.0,4965.0,650.0,1375.0,187.0,20.0,52.0,103.0,615.0,104.0,44.0,475.0,975.0,113.0,45.0,36.35,39.04,26.31,21.52,3.72,514900.0
이대수,2014,2014,한화,3B,우투,우타,9.0,신규,A,2013,32.0,122.0,448.0,390.0,54.0,100.0,23.0,2.0,6.0,4.0,42.0,11.0,4.0,38.0,88.0,10.0,3.0,1.87,5.12,6.99,1.34,0.65,14000.0,고졸,잔류,4.0,20.0,9.0,128.0,4915.0,4271.0,480.0,1106.0,212.0,13.0,80.0,47.0,448.0,70.0,49.0,479.0,933.0,140.0,30.0,-7.66,2.52,-5.15,14.72,-2.34,321700.0
이대형,2014,2014,LG,CF,좌투,좌타,9.0,신규,A,2013,30.0,102.0,204.0,177.0,36.0,42.0,5.0,1.0,1.0,1.0,10.0,13.0,9.0,19.0,45.0,1.0,2.0,-3.4,0.55,-2.85,-0.12,-0.1,8500.0,고졸,이적,4.0,24.0,3.0,128.0,4930.0,4287.0,615.0,1209.0,193.0,38.0,59.0,59.0,574.0,139.0,71.0,451.0,806.0,80.0,42.0,-14.07,2.68,-11.39,22.22,0.07,399500.0
이대형,2018,2018,KT,CF,좌투,좌타,4.0,재자격,A,2017,34.0,100.0,366.0,337.0,51.0,90.0,8.0,3.0,0.0,0.0,24.0,23.0,4.0,24.0,54.0,8.0,1.0,-5.76,-2.51,-8.26,-0.68,-0.53,30000.0,고졸,잔류,2.0,4.0,10.0,144.0,5485.0,4937.0,655.0,1360.0,274.0,17.0,66.0,119.0,625.0,86.0,51.0,374.0,1017.0,118.0,45.0,-43.57,-32.55,-49.97,8.66,-4.0,494600.0
이대호,2021,2021,롯데,DH,우투,우타,4.0,재자격,B,2020,38.0,144.0,611.0,542.0,67.0,158.0,27.0,0.0,5.0,20.0,110.0,1.0,0.0,53.0,68.0,21.0,11.0,3.08,-13.67,-10.59,1.06,0.29,250000.0,고졸,잔류,4.0,25.0,7.0,144.0,5669.0,4958.0,750.0,1366.0,252.0,6.0,55.0,131.0,711.0,90.0,31.0,569.0,875.0,148.0,48.0,10.45,0.47,-0.21,17.58,0.98,893500.0
이명기,2023,2023,NC,LF,좌투,좌타,9.0,신규,C,2022,35.0,94.0,341.0,300.0,36.0,78.0,13.0,2.0,3.0,0.0,23.0,5.0,4.0,30.0,56.0,8.0,2.0,-6.0,-3.82,-9.83,0.24,-0.62,17500.0,35세 이상,이적,1.0,1.0,6.0,144.0,5585.0,4899.0,646.0,1260.0,230.0,15.0,88.0,105.0,613.0,100.0,39.0,501.0,981.0,112.0,47.0,-7.0,-6.71,-14.51,19.94,-0.72,823200.0
이범호,2016,2016,KIA,3B,우투,우타,4.0,재자격,A,2015,34.0,138.0,514.0,437.0,60.0,118.0,25.0,0.0,16.0,28.0,79.0,3.0,4.0,57.0,91.0,16.0,4.0,-3.08,-0.76,-3.84,3.21,-0.29,40000.0,고졸,잔류,4.0,36.0,7.0,144.0,5454.0,4777.0,648.0,1197.0,223.0,22.0,101.0,136.0,602.0,115.0,50.0,454.0,1126.0,105.0,43.0,-13.96,-24.5,-24.34,6.15,-1.26,658000.0
이병규(9),2014,2014,LG,DH,좌투,좌타,4.0,재자격,A,2013,39.0,97.0,397.0,370.0,38.0,129.0,18.0,3.0,2.0,5.0,74.0,2.0,2.0,22.0,40.0,10.0,3.0,-3.38,-6.84,-10.22,3.16,-1.1,60000.0,고졸,잔류,3.0,25.5,3.0,128.0,4930.0,4287.0,615.0,1209.0,193.0,38.0,59.0,59.0,574.0,139.0,71.0,451.0,806.0,80.0,42.0,-14.07,2.68,-11.39,22.22,0.07,399500.0
이성열,2020,2020,한화,RF,우투,좌타,4.0,재자격,A,2019,35.0,129.0,476.0,414.0,60.0,106.0,21.0,1.0,9.0,21.0,85.0,8.0,4.0,48.0,114.0,7.0,4.0,-9.31,-7.96,-17.27,2.47,-0.96,25000.0,고졸,잔류,2.0,14.0,9.0,144.0,5482.0,4882.0,607.0,1250.0,223.0,16.0,70.0,88.0,562.0,105.0,51.0,441.0,1090.0,112.0,45.0,-21.24,-0.29,-27.17,12.6,-2.18,668000.0
이승엽,2016,2016,삼성,DH,좌투,좌타,4.0,재자격,A,2015,39.0,122.0,522.0,470.0,87.0,156.0,28.0,1.0,6.0,26.0,90.0,2.0,1.0,40.0,71.0,10.0,6.0,0.4,-12.53,-12.13,3.39,0.04,90000.0,고졸,잔류,2.0,36.0,2.0,144.0,5803.0,5019.0,897.0,1515.0,259.0,25.0,70.0,176.0,850.0,157.0,52.0,581.0,930.0,109.0,57.0,0.96,5.77,-8.74,32.86,0.08,693600.0
이용규,2014,2014,KIA,CF,좌투,좌타,9.0,신규,A,2013,28.0,100.0,453.0,390.0,74.0,115.0,20.0,1.0,7.0,2.0,22.0,21.0,9.0,44.0,37.0,4.0,2.0,-0.34,-3.72,-4.06,2.73,-0.22,34000.0,고졸,이적,4.0,67.0,8.0,128.0,5051.0,4318.0,587.0,1125.0,195.0,13.0,75.0,88.0,545.0,141.0,47.0,537.0,864.0,110.0,42.0,-87.18,-1.3,-88.48,20.98,-8.2,343600.0
이용규,2019,2019,한화,CF,좌투,좌타,-1.0,자격유지,A,2018,33.0,134.0,575.0,491.0,82.0,144.0,14.0,1.0,12.0,1.0,36.0,30.0,11.0,59.0,62.0,8.0,5.0,0.47,-0.12,0.35,1.68,0.04,40000.0,고졸,잔류,3.0,26.0,3.0,144.0,5539.0,4972.0,729.0,1369.0,249.0,14.0,88.0,151.0,668.0,118.0,64.0,420.0,1098.0,113.0,28.0,24.57,11.38,15.86,12.72,2.19,562100.0
이원석,2017,2017,두산,3B,우투,우타,9.0,자격유지,A,2016,30.0,7.0,22.0,19.0,3.0,6.0,3.0,0.0,0.0,2.0,7.0,0.0,0.0,2.0,2.0,1.0,1.0,0.81,0.18,0.99,0.26,0.07,15000.0,고졸,이적,4.0,27.0,1.0,144.0,5841.0,5044.0,935.0,1504.0,284.0,25.0,86.0,183.0,877.0,85.0,45.0,600.0,884.0,121.0,68.0,2.92,4.73,-5.63,33.4,0.45,567400.0
이원석,2021,2021,삼성,3B,우투,우타,4.0,재자격,B,2020,34.0,121.0,467.0,403.0,46.0,108.0,17.0,0.0,2.0,13.0,74.0,0.0,1.0,49.0,82.0,7.0,12.0,-7.8,-4.68,-12.48,0.8,-0.73,30000.0,고졸,잔류,4.0,27.0,8.0,144.0,5574.0,4923.0,699.0,1317.0,211.0,12.0,62.0,129.0,658.0,132.0,49.0,486.0,990.0,117.0,53.0,7.63,37.86,-0.69,12.29,0.72,548800.0
이재원,2019,2019,SK,C,우투,우타,9.0,신규,A,2018,30.0,130.0,471.0,407.0,63.0,134.0,24.0,0.0,12.0,17.0,57.0,0.0,0.0,43.0,65.0,13.0,5.0,-3.91,9.38,5.48,3.95,-0.35,35000.0,고졸,잔류,4.0,69.0,1.0,144.0,5682.0,4992.0,829.0,1403.0,234.0,13.0,119.0,233.0,791.0,108.0,39.0,483.0,1079.0,103.0,34.0,-0.75,-4.43,-10.09,22.65,0.1,560100.0
이종욱,2014,2014,두산,CF,좌투,좌타,8.0,신규,A,2013,33.0,110.0,456.0,401.0,77.0,123.0,23.0,6.0,3.0,6.0,52.0,30.0,7.0,38.0,57.0,6.0,2.0,1.96,0.19,2.15,3.26,0.31,19700.0,대졸,이적,4.0,50.0,2.0,128.0,5142.0,4401.0,699.0,1271.0,217.0,37.0,79.0,95.0,654.0,172.0,61.0,524.0,717.0,105.0,56.0,8.01,-0.56,7.44,36.32,1.04,345000.0
이종욱,2018,2018,NC,CF,좌투,좌타,4.0,재자격,A,2017,37.0,107.0,355.0,318.0,52.0,98.0,15.0,0.0,5.0,5.0,34.0,9.0,2.0,28.0,30.0,5.0,2.0,1.94,-0.89,1.05,1.33,0.18,50000.0,고졸,잔류,1.0,5.0,4.0,144.0,5790.0,5079.0,786.0,1489.0,277.0,19.0,130.0,149.0,739.0,93.0,32.0,471.0,979.0,119.0,48.0,16.48,35.2,6.55,24.87,1.52,713700.0
이지영,2020,2020,키움,C,우투,우타,8.0,신규,A,2019,33.0,106.0,331.0,308.0,40.0,87.0,5.0,1.0,1.0,1.0,39.0,5.0,1.0,15.0,28.0,14.0,1.0,-2.25,5.54,3.29,0.58,-0.23,21000.0,대졸,잔류,3.0,18.0,2.0,144.0,5658.0,4991.0,780.0,1405.0,251.0,38.0,69.0,112.0,741.0,110.0,33.0,514.0,943.0,122.0,48.0,-9.68,-15.38,-17.74,31.31,-1.0,403100.0
이지영,2024,2024,키움,C,우투,우타,4.0,재자격,B,2023,37.0,81.0,237.0,217.0,23.0,54.0,8.0,1.0,1.0,0.0,8.0,1.0,1.0,12.0,39.0,2.0,0.0,1.2,5.57,6.77,0.38,0.12,50000.0,2번째 FA,잔류,2.0,4.0,10.0,144.0,5729.0,5062.0,607.0,1323.0,223.0,30.0,74.0,61.0,576.0,54.0,11.0,484.0,1096.0,87.0,58.0,-34.95,4.57,-42.25,13.86,-3.36,682800.0
이진영,2013,2013,LG,RF,좌투,좌타,4.0,재자격,A,2012,32.0,105.0,412.0,365.0,39.0,112.0,18.0,0.0,1.0,4.0,55.0,4.0,2.0,44.0,41.0,8.0,2.0,-2.58,-4.58,-7.16,3.62,-0.7,55000.0,고졸,잔류,4.0,34.0,7.0,133.0,5180.0,4539.0,544.0,1184.0,212.0,18.0,53.0,59.0,512.0,140.0,57.0,458.0,857.0,107.0,50.0,-34.51,-4.59,-46.48,22.45,-5.68,345400.0
이진영,2017,2017,KT,DH,좌투,좌타,4.0,재자격,A,2016,36.0,115.0,424.0,371.0,49.0,123.0,23.0,1.0,3.0,10.0,72.0,2.0,5.0,45.0,44.0,13.0,5.0,-1.55,-8.92,-10.47,1.5,-0.14,60000.0,고졸,잔류,2.0,15.0,10.0,144.0,5620.0,4963.0,672.0,1369.0,214.0,11.0,48.0,116.0,639.0,96.0,46.0,499.0,933.0,130.0,45.0,-54.62,-74.39,-63.91,6.52,-4.84,492000.0
이택근,2016,2016,넥센,CF,우투,우타,4.0,재자격,A,2015,35.0,105.0,401.0,347.0,61.0,113.0,16.0,1.0,3.0,10.0,44.0,11.0,6.0,44.0,53.0,8.0,4.0,-3.07,-1.9,-4.97,2.23,-0.28,70000.0,고졸,잔류,4.0,35.0,4.0,144.0,5811.0,5069.0,904.0,1512.0,304.0,20.0,82.0,203.0,855.0,100.0,47.0,544.0,1098.0,112.0,55.0,14.64,28.04,4.52,30.43,1.44,529300.0
이현곤,2013,2013,KIA,3B,우투,우타,8.0,신규,A,2012,32.0,6.0,6.0,5.0,0.0,1.0,0.0,0.0,0.0,0.0,0.0,0.0,0.0,1.0,1.0,1.0,0.0,0.01,-0.12,-0.11,0.01,-0.11,10500.0,대졸,이적,3.0,10.5,5.0,133.0,5131.0,4348.0,553.0,1112.0,197.0,19.0,60.0,54.0,518.0,132.0,51.0,544.0,790.0,100.0,47.0,10.53,-0.12,3.09,24.75,0.09,263000.0
이호준,2013,2013,SK,1B,우투,우타,4.0,재자격,A,2012,36.0,127.0,504.0,426.0,55.0,128.0,26.0,0.0,5.0,18.0,78.0,3.0,3.0,72.0,90.0,10.0,1.0,0.85,-10.24,-9.4,6.12,-1.17,25000.0,고졸,이적,3.0,20.0,2.0,133.0,4996.0,4347.0,564.0,1120.0,197.0,15.0,58.0,108.0,523.0,104.0,75.0,445.0,864.0,85.0,28.0,26.13,-5.91,13.09,23.64,2.38,371100.0
장성우,2022,2022,KT,C,우투,우타,9.0,신규,B,2021,31.0,127.0,460.0,385.0,46.0,89.0,13.0,0.0,3.0,14.0,63.0,1.0,2.0,60.0,69.0,16.0,3.0,-2.41,8.66,6.25,1.85,-0.24,21000.0,35세 이상 대졸,잔류,4.0,42.0,1.0,144.0,5627.0,4810.0,719.0,1276.0,219.0,11.0,58.0,106.0,673.0,112.0,46.0,645.0,1047.0,105.0,44.0,10.21,-7.11,0.42,21.86,1.33,575800.0
전준우,2020,2020,롯데,LF,우투,우타,8.0,신규,A,2019,33.0,141.0,606.0,545.0,85.0,164.0,30.0,1.0,7.0,22.0,83.0,8.0,2.0,46.0,71.0,19.0,7.0,-4.76,-6.09,-10.85,3.45,-0.49,50000.0,대졸,잔류,4.0,34.0,10.0,144.0,5488.0,4919.0,578.0,1231.0,214.0,22.0,65.0,90.0,545.0,65.0,31.0,429.0,1085.0,108.0,40.0,-30.52,-29.69,-41.29,7.45,-3.14,1058600.0
전준우,2024,2024,롯데,DH,우투,우타,4.0,재자격,B,2023,37.0,138.0,559.0,493.0,80.0,154.0,21.0,3.0,7.0,17.0,77.0,9.0,2.0,52.0,65.0,12.0,7.0,-3.31,-10.86,-14.16,3.75,-0.34,50000.0,2번째 FA,잔류,4.0,47.0,7.0,144.0,5576.0,4871.0,653.0,1289.0,231.0,19.0,51.0,69.0,608.0,101.0,42.0,522.0,1000.0,110.0,57.0,-32.72,-29.39,-42.0,17.11,-3.34,536460.0
정근우,2013,2013,SK,2B,우투,우타,8.0,신규,A,2012,30.0,127.0,534.0,467.0,53.0,124.0,13.0,4.0,6.0,8.0,46.0,22.0,12.0,47.0,33.0,10.0,2.0,3.09,3.78,6.87,2.29,0.98,31000.0,대졸,,,,2.0,133.0,4996.0,4347.0,564.0,1120.0,197.0,15.0,58.0,108.0,523.0,104.0,75.0,445.0,864.0,85.0,28.0,26.13,-5.91,13.09,23.64,2.38,371100.0
정근우,2018,2018,한화,2B,우투,우타,4.0,재자격,A,2017,35.0,105.0,442.0,391.0,73.0,129.0,22.0,0.0,10.0,11.0,46.0,6.0,6.0,32.0,48.0,12.0,3.0,2.39,4.32,6.7,2.87,0.22,70000.0,고졸,잔류,3.0,35.0,8.0,144.0,5665.0,5030.0,737.0,1445.0,261.0,16.0,94.0,150.0,684.0,64.0,44.0,416.0,974.0,112.0,38.0,7.63,0.63,-0.35,19.39,0.85,1083900.0
정상호,2016,2016,SK,C,우투,우타,9.0,신규,A,2015,33.0,113.0,324.0,279.0,34.0,71.0,11.0,1.0,15.0,12.0,49.0,1.0,2.0,22.0,80.0,2.0,0.0,-3.11,6.38,3.28,1.58,-0.29,15500.0,고졸,이적,4.0,32.0,5.0,144.0,5588.0,4861.0,693.0,1323.0,214.0,10.0,98.0,145.0,656.0,94.0,59.0,490.0,1047.0,113.0,29.0,-20.69,-5.15,-29.84,14.72,-1.07,756700.0
정성훈,2013,2013,LG,3B,우투,우타,4.0,재자격,A,2012,32.0,107.0,438.0,365.0,50.0,113.0,27.0,3.0,1.0,12.0,53.0,3.0,3.0,65.0,62.0,13.0,5.0,-4.22,-0.93,-5.15,5.85,-1.13,35000.0,고졸,잔류,4.0,34.0,7.0,133.0,5180.0,4539.0,544.0,1184.0,212.0,18.0,53.0,59.0,512.0,140.0,57.0,458.0,857.0,107.0,50.0,-34.51,-4.59,-46.48,22.45,-5.68,345400.0
정성훈,2017,2017,LG,1B,우투,우타,4.0,재자격,A,2016,36.0,126.0,418.0,370.0,58.0,119.0,22.0,1.0,5.0,6.0,64.0,8.0,4.0,33.0,59.0,9.0,5.0,-3.75,-7.8,-11.54,1.21,-0.33,50000.0,고졸,잔류,1.0,7.0,4.0,144.0,5765.0,5051.0,786.0,1464.0,238.0,26.0,72.0,118.0,744.0,121.0,70.0,523.0,982.0,92.0,54.0,37.96,34.04,27.87,19.83,3.37,542900.0
정수빈,2021,2021,두산,CF,좌투,좌타,9.0,신규,A,2020,30.0,141.0,559.0,490.0,84.0,146.0,17.0,8.0,2.0,5.0,59.0,15.0,6.0,55.0,56.0,10.0,5.0,2.12,0.0,2.12,2.65,0.2,34000.0,고졸,잔류,6.0,56.0,2.0,144.0,5776.0,5046.0,816.0,1477.0,263.0,20.0,68.0,125.0,778.0,88.0,37.0,551.0,796.0,132.0,73.0,-16.54,-25.41,-27.23,30.64,-1.48,677600.0
정의윤,2018,2018,SK,RF,우투,우타,9.0,신규,A,2017,31.0,112.0,381.0,349.0,44.0,112.0,16.0,0.0,9.0,15.0,45.0,0.0,1.0,19.0,61.0,11.0,4.0,-0.15,-7.77,-7.92,1.24,-0.01,12000.0,고졸,잔류,4.0,29.0,5.0,144.0,5564.0,4925.0,761.0,1337.0,222.0,15.0,113.0,234.0,733.0,53.0,42.0,427.0,1100.0,97.0,41.0,16.87,25.01,7.98,16.87,1.79,559100.0
정훈,2022,2022,롯데,1B,우투,우타,9.0,신규,C,2021,34.0,135.0,561.0,486.0,70.0,142.0,27.0,1.0,3.0,14.0,79.0,8.0,1.0,68.0,89.0,6.0,3.0,0.4,-10.03,-9.63,2.62,0.04,6400.0,고졸,잔류,3.0,18.0,8.0,144.0,5726.0,5009.0,727.0,1393.0,266.0,10.0,54.0,107.0,697.0,60.0,31.0,579.0,969.0,114.0,46.0,-24.26,-13.58,-33.77,22.75,-3.11,481800.0
조동찬,2015,2015,삼성,3B,우투,우타,9.0,신규,A,2014,31.0,31.0,87.0,74.0,8.0,20.0,4.0,0.0,1.0,1.0,6.0,5.0,2.0,10.0,21.0,5.0,1.0,-2.44,0.03,-2.41,0.07,-0.22,15000.0,고졸,잔류,4.0,28.0,1.0,128.0,5152.0,4464.0,812.0,1345.0,238.0,23.0,62.0,161.0,763.0,161.0,46.0,507.0,743.0,88.0,43.0,12.63,-4.5,2.92,25.53,1.11,637700.0
조동화,2015,2015,SK,CF,좌투,좌타,9.0,신규,A,2014,33.0,125.0,522.0,443.0,74.0,116.0,12.0,5.0,4.0,2.0,52.0,37.0,7.0,43.0,72.0,8.0,4.0,-0.6,-4.31,-4.91,-0.37,-0.05,9000.0,고졸,잔류,4.0,22.0,5.0,128.0,5082.0,4423.0,735.0,1285.0,245.0,22.0,72.0,115.0,696.0,139.0,46.0,447.0,926.0,92.0,49.0,8.13,9.44,0.35,15.79,0.21,489800.0
조영훈,2017,2017,NC,1B,좌투,좌타,8.0,신규,A,2016,34.0,109.0,207.0,179.0,29.0,60.0,14.0,0.0,3.0,5.0,35.0,3.0,3.0,21.0,43.0,2.0,3.0,2.7,-3.24,-0.54,1.19,0.24,10000.0,대졸,잔류,2.0,4.5,2.0,144.0,5833.0,5007.0,857.0,1457.0,249.0,19.0,93.0,169.0,808.0,99.0,41.0,609.0,1023.0,133.0,52.0,6.4,-8.9,-3.55,24.47,0.57,723500.0
조인성,2016,2016,한화,C,우투,우타,4.0,재자격,A,2015,40.0,106.0,310.0,276.0,33.0,64.0,11.0,0.0,6.0,11.0,44.0,0.0,0.0,16.0,89.0,5.0,1.0,0.41,7.32,7.73,0.4,0.04,40000.0,고졸,잔류,2.0,10.0,6.0,144.0,5716.0,4852.0,717.0,1316.0,218.0,19.0,109.0,130.0,667.0,80.0,47.0,581.0,1135.0,112.0,35.0,16.16,31.04,8.26,15.8,1.6,784600.0
지석훈,2018,2018,NC,2B,우투,우타,9.0,신규,A,2017,33.0,121.0,304.0,268.0,29.0,64.0,16.0,0.0,10.0,6.0,24.0,1.0,0.0,22.0,67.0,8.0,2.0,0.5,3.43,3.93,0.37,0.05,14000.0,고졸,잔류,2.0,6.0,4.0,144.0,5790.0,5079.0,786.0,1489.0,277.0,19.0,130.0,149.0,739.0,93.0,32.0,471.0,979.0,119.0,48.0,16.48,35.2,6.55,24.87,1.52,713700.0
차일목,2015,2015,KIA,C,우투,우타,8.0,신규,A,2014,33.0,94.0,224.0,185.0,17.0,35.0,6.0,0.0,2.0,2.0,18.0,0.0,2.0,24.0,28.0,7.0,2.0,4.99,5.23,10.22,-0.74,0.44,10000.0,대졸,잔류,2.0,4.5,8.0,128.0,5023.0,4443.0,662.0,1279.0,246.0,27.0,62.0,121.0,631.0,121.0,63.0,416.0,870.0,95.0,35.0,-26.55,-9.84,-37.32,13.86,-2.36,424500.0
채은성,2023,2023,LG,1B,우투,우타,8.0,신규,A,2022,32.0,126.0,526.0,467.0,48.0,138.0,26.0,2.0,21.0,12.0,83.0,6.0,7.0,27.0,88.0,16.0,11.0,-0.03,-10.36,-10.39,2.13,0.0,30000.0,고졸,이적,6.0,90.0,3.0,144.0,5627.0,4927.0,715.0,1325.0,208.0,33.0,103.0,118.0,674.0,102.0,46.0,501.0,924.0,109.0,46.0,21.98,24.7,13.13,28.62,2.26,784300.0
채태인,2018,2018,넥센,1B,좌투,좌타,9.0,신규,A,2017,35.0,109.0,384.0,342.0,46.0,110.0,23.0,1.0,5.0,12.0,62.0,0.0,1.0,34.0,94.0,9.0,3.0,-2.85,-7.74,-10.59,1.77,-0.26,30000.0,고졸,이적,2.0,10.0,7.0,144.0,5712.0,5098.0,789.0,1479.0,267.0,30.0,83.0,141.0,748.0,70.0,34.0,468.0,1066.0,129.0,42.0,-33.5,14.52,-42.19,20.41,-2.79,443100.0
최재훈,2022,2022,한화,C,우투,우타,9.0,신규,B,2021,32.0,116.0,467.0,375.0,52.0,103.0,21.0,0.0,12.0,7.0,44.0,3.0,2.0,72.0,68.0,16.0,3.0,7.02,9.62,16.64,4.22,0.7,20000.0,고졸,잔류,5.0,54.0,10.0,144.0,5495.0,4685.0,599.0,1111.0,213.0,17.0,74.0,80.0,554.0,109.0,56.0,633.0,1286.0,110.0,49.0,18.72,1.89,14.73,10.44,1.77,465400.0
최정,2015,2015,SK,3B,우투,우타,9.0,신규,A,2014,27.0,82.0,361.0,308.0,65.0,94.0,20.0,0.0,12.0,14.0,76.0,7.0,2.0,37.0,69.0,9.0,3.0,0.03,-0.1,-0.07,2.43,0.0,52000.0,고졸,잔류,4.0,86.0,5.0,128.0,5082.0,4423.0,735.0,1285.0,245.0,22.0,72.0,115.0,696.0,139.0,46.0,447.0,926.0,92.0,49.0,8.13,9.44,0.35,15.79,0.21,489800.0
최정,2019,2019,SK,3B,우투,우타,4.0,재자격,A,2018,31.0,115.0,489.0,406.0,95.0,99.0,16.0,1.0,23.0,35.0,74.0,9.0,2.0,58.0,129.0,10.0,2.0,4.52,-0.79,3.73,2.86,0.4,120000.0,고졸,잔류,6.0,106.0,1.0,144.0,5682.0,4992.0,829.0,1403.0,234.0,13.0,119.0,233.0,791.0,108.0,39.0,483.0,1079.0,103.0,34.0,-0.75,-4.43,-10.09,22.65,0.1,560100.0
최주환,2021,2021,두산,2B,우투,좌타,9.0,신규,A,2020,32.0,140.0,574.0,509.0,63.0,156.0,29.0,4.0,7.0,16.0,88.0,2.0,2.0,47.0,66.0,7.0,10.0,0.3,3.45,3.75,4.49,0.03,38500.0,고졸,이적,4.0,42.0,2.0,144.0,5776.0,5046.0,816.0,1477.0,263.0,20.0,68.0,125.0,778.0,88.0,37.0,551.0,796.0,132.0,73.0,-16.54,-25.41,-27.23,30.64,-1.48,677600.0
최준석,2014,2014,두산,DH,우투,우타,9.0,신규,A,2013,30.0,100.0,263.0,222.0,22.0,60.0,8.0,0.0,0.0,7.0,36.0,0.0,0.0,39.0,47.0,7.0,2.0,-10.54,-2.88,-13.42,1.64,-1.38,17000.0,고졸,이적,4.0,35.0,2.0,128.0,5142.0,4401.0,699.0,1271.0,217.0,37.0,79.0,95.0,654.0,172.0,61.0,524.0,717.0,105.0,56.0,8.01,-0.56,7.44,36.32,1.04,345000.0
최준석,2018,2018,롯데,DH,우투,우타,4.0,재자격,A,2017,34.0,125.0,464.0,409.0,43.0,119.0,15.0,0.0,1.0,14.0,82.0,0.0,0.0,49.0,89.0,24.0,5.0,-3.22,-10.42,-13.64,0.54,-0.3,40000.0,고졸,이적,1.0,0.55,3.0,144.0,5671.0,4994.0,743.0,1425.0,250.0,17.0,112.0,151.0,697.0,92.0,44.0,457.0,1018.0,146.0,32.0,16.21,8.53,6.5,17.96,1.67,858600.0
최진행,2019,2019,한화,DH,우투,우타,9.0,신규,A,2018,33.0,57.0,154.0,136.0,14.0,29.0,3.0,0.0,3.0,7.0,13.0,0.0,1.0,15.0,53.0,5.0,0.0,3.25,-1.69,1.56,-0.34,0.29,17000.0,고졸,잔류,2.0,26.0,3.0,144.0,5539.0,4972.0,729.0,1369.0,249.0,14.0,88.0,151.0,668.0,118.0,64.0,420.0,1098.0,113.0,28.0,24.57,11.38,15.86,12.72,2.19,562100.0
최형우,2017,2017,삼성,LF,우투,좌타,9.0,신규,A,2016,33.0,138.0,618.0,519.0,99.0,195.0,46.0,2.0,9.0,31.0,144.0,2.0,2.0,83.0,83.0,12.0,7.0,-2.62,-6.35,-8.97,7.48,-0.23,60000.0,고졸,이적,4.0,100.0,9.0,144.0,5863.0,5093.0,852.0,1492.0,249.0,34.0,75.0,142.0,792.0,104.0,50.0,552.0,864.0,119.0,55.0,4.26,7.39,-7.13,20.37,0.36,574700.0
최형우,2021,2021,KIA,DH,우투,좌타,4.0,재자격,B,2020,37.0,140.0,600.0,522.0,93.0,185.0,37.0,1.0,5.0,28.0,115.0,0.0,0.0,70.0,101.0,9.0,3.0,-0.74,-14.32,-15.06,6.32,-0.07,150000.0,고졸,잔류,3.0,47.0,6.0,144.0,5642.0,4937.0,724.0,1355.0,224.0,13.0,69.0,130.0,692.0,47.0,25.0,535.0,957.0,114.0,38.0,-42.81,-45.02,-51.42,18.99,-3.74,787700.0
한상훈,2014,2014,한화,SS,우투,좌타,8.0,신규,A,2013,33.0,101.0,322.0,260.0,45.0,68.0,13.0,4.0,6.0,0.0,25.0,5.0,4.0,47.0,40.0,7.0,3.0,6.72,3.82,10.54,1.46,1.03,11000.0,대졸,잔류,4.0,13.0,9.0,128.0,4915.0,4271.0,480.0,1106.0,212.0,13.0,80.0,47.0,448.0,70.0,49.0,479.0,933.0,140.0,30.0,-7.66,2.52,-5.15,14.72,-2.34,321700.0
허경민,2021,2021,두산,3B,우투,우타,9.0,신규,A,2020,30.0,117.0,487.0,437.0,70.0,145.0,25.0,1.0,5.0,7.0,58.0,14.0,6.0,35.0,28.0,10.0,7.0,7.26,1.08,8.34,3.31,0.68,48000.0,고졸,잔류,7.0,85.0,2.0,144.0,5776.0,5046.0,816.0,1477.0,263.0,20.0,68.0,125.0,778.0,88.0,37.0,551.0,796.0,132.0,73.0,-16.54,-25.41,-27.23,30.64,-1.48,677600.0
허도환,2022,2022,KT,C,우투,우타,8.0,신규,C,2021,37.0,62.0,125.0,105.0,8.0,29.0,6.0,0.0,2.0,2.0,21.0,0.0,0.0,8.0,28.0,3.0,0.0,0.7,2.83,3.53,0.59,0.07,7500.0,고졸,이적,2.0,4.0,1.0,144.0,5627.0,4810.0,719.0,1276.0,219.0,11.0,58.0,106.0,673.0,112.0,46.0,645.0,1047.0,105.0,44.0,10.21,-7.11,0.42,21.86,1.33,575800.0
홍성흔,2013,2013,롯데,DH,우투,우타,4.0,재자격,A,2012,35.0,113.0,443.0,390.0,48.0,114.0,20.0,0.0,2.0,15.0,74.0,4.0,5.0,47.0,83.0,10.0,3.0,-1.64,8.94,7.3,3.97,0.52,40000.0,고졸,이적,4.0,21.0,4.0,133.0,5043.0,4481.0,509.0,1179.0,202.0,16.0,54.0,73.0,479.0,119.0,53.0,375.0,890.0,91.0,26.0,-41.49,13.36,-35.33,21.15,-3.15,289700.0
황재균,2022,2022,KT,3B,우투,우타,4.0,재자격,B,2021,34.0,117.0,507.0,453.0,74.0,132.0,16.0,2.0,3.0,10.0,56.0,11.0,4.0,46.0,92.0,11.0,4.0,4.16,-0.12,4.04,2.41,0.41,80000.0,고졸,잔류,4.0,60.0,1.0,144.0,5627.0,4810.0,719.0,1276.0,219.0,11.0,58.0,106.0,673.0,112.0,46.0,645.0,1047.0,105.0,44.0,10.21,-7.11,0.42,21.86,1.33,575800.0
